id,uuid,created,updated,date,amount,payer,purpose,comment,replenishment_method,student_id
account_replenishment_id_sequence,6058b73b-0f95-4d2b-81e4-4cfa481998e5,2021-11-26,2021-11-28,2021-08-24,7,bank,for lessons,for lessons,CASHLESS_PAYMENT,1
account_replenishment_id_sequence,5da6789c-f0c4-4e1e-a741-ff5e0464c3e7,2021-05-24,2021-02-17,2022-02-02,3,bank,for lessons,for lessons,CASHLESS_PAYMENT,2
account_replenishment_id_sequence,14beb7e7-8582-4c28-a7e9-1bf028958d42,2021-07-25,2021-10-20,2021-06-11,8,bank,for lessons,for lessons,CASHLESS_PAYMENT,3
account_replenishment_id_sequence,c3bc7b1c-7a7b-4807-bfcf-0f5a52f8df3f,2021-08-03,2021-10-05,2021-06-11,7,bank,for lessons,for lessons,CASHLESS_PAYMENT,4
account_replenishment_id_sequence,79f319ed-fc9e-41b8-84b7-3737699e2cdc,2021-05-23,2021-08-23,2021-05-30,7,bank,for lessons,for lessons,CASHLESS_PAYMENT,5
account_replenishment_id_sequence,1d9f0d9b-fbcc-415f-b6cd-7953b5769402,2022-01-29,2022-01-10,2021-04-24,10,bank,for lessons,for lessons,CASHLESS_PAYMENT,6
account_replenishment_id_sequence,9c3f5662-a12c-4927-ba0e-ae013f437f3b,2021-12-24,2021-08-08,2021-07-04,10,bank,for lessons,for lessons,CASHLESS_PAYMENT,7
account_replenishment_id_sequence,c76d7da6-e053-4722-a597-84840abf3f33,2021-03-23,2021-05-12,2021-03-02,4,bank,for lessons,for lessons,CASHLESS_PAYMENT,8
account_replenishment_id_sequence,08698e74-b08b-4e1c-aec4-577f9fd9e1aa,2021-09-14,2021-06-25,2021-10-04,9,bank,for lessons,for lessons,CASHLESS_PAYMENT,9
account_replenishment_id_sequence,f128c309-2dca-4d20-ab69-9d9a8e7f3871,2021-10-20,2022-01-13,2021-11-20,4,bank,for lessons,for lessons,CASHLESS_PAYMENT,10
account_replenishment_id_sequence,928c9898-c7c9-492b-950a-96be7c69555c,2022-01-10,2021-10-10,2021-11-10,3,bank,for lessons,for lessons,CASHLESS_PAYMENT,11
account_replenishment_id_sequence,876c3d8e-9400-46b5-af3c-cb93042ca9e9,2021-11-19,2021-11-01,2021-08-10,5,bank,for lessons,for lessons,CASHLESS_PAYMENT,12
account_replenishment_id_sequence,dff30372-6ca7-4fe5-95f7-02f30dbecf55,2021-04-22,2021-05-05,2022-01-29,5,bank,for lessons,for lessons,CASHLESS_PAYMENT,13
account_replenishment_id_sequence,16711cdd-0077-4ed6-826a-c1ad04856d51,2021-08-24,2021-06-12,2021-03-11,1,bank,for lessons,for lessons,CASHLESS_PAYMENT,14
account_replenishment_id_sequence,811687bc-3f28-42b4-84d8-d254e681d1c2,2022-01-05,2021-09-01,2021-08-14,5,bank,for lessons,for lessons,CASHLESS_PAYMENT,15
account_replenishment_id_sequence,e15840aa-177d-4e59-aecb-e75d2d348733,2021-04-14,2022-01-09,2021-05-16,4,bank,for lessons,for lessons,CASHLESS_PAYMENT,16
account_replenishment_id_sequence,6b9148e1-5cd3-489e-9990-94b67ac25c6c,2021-09-29,2021-09-07,2021-05-01,10,bank,for lessons,for lessons,CASHLESS_PAYMENT,17
account_replenishment_id_sequence,286cfa6e-88ff-4296-bd02-42eb1117ce46,2021-11-09,2021-05-21,2022-01-01,4,bank,for lessons,for lessons,CASHLESS_PAYMENT,18
account_replenishment_id_sequence,8f687745-2755-4004-80a6-813219422dd0,2021-05-28,2021-11-22,2021-11-18,8,bank,for lessons,for lessons,CASHLESS_PAYMENT,19
account_replenishment_id_sequence,55be4ea5-3ddc-42a8-a5b2-e415f0e9057c,2021-09-19,2021-06-09,2021-07-21,2,bank,for lessons,for lessons,CASHLESS_PAYMENT,20
account_replenishment_id_sequence,0ea19cee-b542-4aee-bcb6-50246dc169db,2021-08-20,2021-11-10,2022-01-15,8,bank,for lessons,for lessons,CASHLESS_PAYMENT,21
account_replenishment_id_sequence,cf6f6602-4c9d-4df9-b273-c4fa6d825a18,2021-05-18,2021-09-12,2021-09-03,3,bank,for lessons,for lessons,CASHLESS_PAYMENT,22
account_replenishment_id_sequence,d10fc476-80f4-4042-a7cb-4bbf6d023dcd,2021-02-19,2021-03-23,2021-03-27,9,bank,for lessons,for lessons,CASHLESS_PAYMENT,23
account_replenishment_id_sequence,110e89d5-f964-4055-b851-ac1d6f155801,2021-06-03,2021-05-07,2021-12-09,5,bank,for lessons,for lessons,CASHLESS_PAYMENT,24
account_replenishment_id_sequence,1f5514a8-3f44-420a-886a-11a1bc2c3b05,2021-02-17,2021-05-18,2021-10-10,4,bank,for lessons,for lessons,CASHLESS_PAYMENT,25
account_replenishment_id_sequence,19aa07a7-2413-465d-be58-cc6ce919bf1b,2021-05-26,2021-03-30,2021-03-22,8,bank,for lessons,for lessons,CASHLESS_PAYMENT,26
account_replenishment_id_sequence,7e009e11-5aac-4c73-a8cd-b81f1db741b1,2021-06-12,2021-12-27,2022-01-06,1,bank,for lessons,for lessons,CASHLESS_PAYMENT,27
account_replenishment_id_sequence,8b4dd020-fa64-4efa-9035-2222cdce280d,2021-04-01,2021-04-20,2021-12-08,6,bank,for lessons,for lessons,CASHLESS_PAYMENT,28
account_replenishment_id_sequence,40f4981f-48d1-40af-b858-90f3221bb896,2022-01-21,2022-01-05,2021-09-03,2,bank,for lessons,for lessons,CASHLESS_PAYMENT,29
account_replenishment_id_sequence,ccc2059f-fd3a-4d4c-9373-3f73a6af7437,2021-07-17,2021-07-06,2022-01-20,3,bank,for lessons,for lessons,CASHLESS_PAYMENT,30
account_replenishment_id_sequence,32cc8490-ae17-4efe-b6b2-0f70beadf97a,2022-01-18,2021-06-21,2021-10-29,4,bank,for lessons,for lessons,CASHLESS_PAYMENT,31
account_replenishment_id_sequence,f8e2c629-af31-4529-9fa1-b42cb9a29ae1,2021-11-02,2021-06-11,2021-11-20,2,bank,for lessons,for lessons,CASHLESS_PAYMENT,32
account_replenishment_id_sequence,41c4fca6-8016-423b-99f0-4a4e193490f1,2021-05-27,2021-10-12,2021-02-28,7,bank,for lessons,for lessons,CASHLESS_PAYMENT,33
account_replenishment_id_sequence,db02bce0-379b-44d8-ad0f-7f3f4eca7f13,2021-06-08,2021-03-02,2022-01-13,3,bank,for lessons,for lessons,CASHLESS_PAYMENT,34
account_replenishment_id_sequence,18cd6c05-2c24-4166-a899-72891625c6e7,2021-06-22,2021-04-08,2021-06-22,3,bank,for lessons,for lessons,CASHLESS_PAYMENT,35
account_replenishment_id_sequence,edca4c31-a270-4652-a6d6-23da4d955f25,2021-08-24,2021-08-12,2021-10-04,6,bank,for lessons,for lessons,CASHLESS_PAYMENT,36
account_replenishment_id_sequence,1db33537-2525-41e9-9e5c-9478e1e010b3,2021-08-21,2021-10-30,2021-08-10,9,bank,for lessons,for lessons,CASHLESS_PAYMENT,37
account_replenishment_id_sequence,9710716d-a25e-4bf8-b81e-b6bd26b6aee7,2021-04-23,2021-10-18,2021-03-11,1,bank,for lessons,for lessons,CASHLESS_PAYMENT,38
account_replenishment_id_sequence,759278a4-2a8c-40c9-8de9-a947a3ccdd63,2021-07-25,2021-02-19,2021-06-10,1,bank,for lessons,for lessons,CASHLESS_PAYMENT,39
account_replenishment_id_sequence,158faf85-ca36-4cf2-9741-ba73076c444f,2021-10-04,2021-03-12,2022-02-01,8,bank,for lessons,for lessons,CASHLESS_PAYMENT,40
account_replenishment_id_sequence,52233ae0-9128-48f3-ae09-03465b0af5e9,2021-08-04,2021-10-20,2021-08-06,3,bank,for lessons,for lessons,CASHLESS_PAYMENT,41
account_replenishment_id_sequence,b3dd22e6-aee2-44ee-86ba-9f097176c503,2021-10-19,2021-05-26,2021-09-16,1,bank,for lessons,for lessons,CASHLESS_PAYMENT,42
account_replenishment_id_sequence,9845c27c-a11c-421a-8b38-e8b8e41d1c0d,2021-09-19,2021-10-01,2021-03-09,1,bank,for lessons,for lessons,CASHLESS_PAYMENT,43
account_replenishment_id_sequence,831c1bf6-1c9c-4c93-ab43-786f05c8bff4,2021-09-20,2021-11-06,2021-11-26,3,bank,for lessons,for lessons,CASHLESS_PAYMENT,44
account_replenishment_id_sequence,1ad61a36-d02b-4fb3-9f90-2b81dd62be0c,2021-05-07,2021-04-25,2021-04-04,2,bank,for lessons,for lessons,CASHLESS_PAYMENT,45
account_replenishment_id_sequence,c9484ad9-e213-40b2-bbd3-623d32781265,2022-01-30,2021-07-07,2021-05-24,6,bank,for lessons,for lessons,CASHLESS_PAYMENT,46
account_replenishment_id_sequence,c27b6c69-9193-484c-ae34-c7e67b3f0135,2021-06-02,2021-07-10,2021-11-30,4,bank,for lessons,for lessons,CASHLESS_PAYMENT,47
account_replenishment_id_sequence,ad9eb877-8b64-416c-abd9-6b569a128771,2022-01-02,2021-10-04,2021-04-15,5,bank,for lessons,for lessons,CASHLESS_PAYMENT,48
account_replenishment_id_sequence,9db542ad-f9b8-42c9-a912-a9b5ea1b820d,2021-08-05,2021-02-09,2021-02-20,3,bank,for lessons,for lessons,CASHLESS_PAYMENT,49
account_replenishment_id_sequence,eb505327-ed20-421d-a0f1-f272c2ea96db,2021-10-11,2021-05-23,2021-09-10,7,bank,for lessons,for lessons,CASHLESS_PAYMENT,50
account_replenishment_id_sequence,df7a8785-223b-4a8b-815b-2eea068327f1,2021-11-30,2021-05-25,2021-10-30,4,bank,for lessons,for lessons,CASHLESS_PAYMENT,51
account_replenishment_id_sequence,c2e26e77-a48a-4ff2-ad9b-635452ddf877,2021-07-18,2021-02-12,2021-08-15,6,bank,for lessons,for lessons,CASHLESS_PAYMENT,52
account_replenishment_id_sequence,cf8189c2-2787-4387-92bd-32e03ee1ead5,2021-03-03,2021-05-02,2022-01-23,6,bank,for lessons,for lessons,CASHLESS_PAYMENT,53
account_replenishment_id_sequence,8062db05-5e83-4ef5-90b9-a49199a5ca89,2021-10-08,2021-05-30,2021-08-08,1,bank,for lessons,for lessons,CASHLESS_PAYMENT,54
account_replenishment_id_sequence,d7e1e846-f172-451d-aa9e-f09bea118868,2022-01-28,2021-05-29,2021-10-22,10,bank,for lessons,for lessons,CASHLESS_PAYMENT,55
account_replenishment_id_sequence,eb894845-e943-4647-a110-adfa3a6c4933,2021-03-23,2022-01-30,2021-03-15,3,bank,for lessons,for lessons,CASHLESS_PAYMENT,56
account_replenishment_id_sequence,beccfb6a-efe6-4ce2-92c2-b24204b7fdaf,2022-01-26,2021-10-01,2021-03-03,10,bank,for lessons,for lessons,CASHLESS_PAYMENT,57
account_replenishment_id_sequence,a77e4c68-97a9-44ec-a3d6-dd1c83972403,2022-01-25,2021-08-19,2021-09-16,3,bank,for lessons,for lessons,CASHLESS_PAYMENT,58
account_replenishment_id_sequence,b3d36611-051a-4964-8901-8d4bbfa55073,2021-11-17,2021-03-26,2021-12-07,8,bank,for lessons,for lessons,CASHLESS_PAYMENT,59
account_replenishment_id_sequence,ab3c9774-b8f1-4aca-953a-cd17e5a027e5,2021-10-16,2021-06-06,2021-05-30,3,bank,for lessons,for lessons,CASHLESS_PAYMENT,60
account_replenishment_id_sequence,abe55d64-e3b8-414c-ae88-f914aaf06e09,2022-01-11,2021-04-06,2021-09-23,3,bank,for lessons,for lessons,CASHLESS_PAYMENT,61
account_replenishment_id_sequence,bfc520f6-df86-4fd4-9cdf-1886704f7509,2021-02-23,2021-05-16,2022-01-03,8,bank,for lessons,for lessons,CASHLESS_PAYMENT,62
account_replenishment_id_sequence,ec66b70d-0cb3-4275-91fc-1ab8faf2a806,2021-12-23,2021-10-13,2021-09-24,2,bank,for lessons,for lessons,CASHLESS_PAYMENT,63
account_replenishment_id_sequence,1ec2fcf9-0e56-49d3-a66c-8646ccc465f1,2021-09-17,2021-04-21,2021-05-30,1,bank,for lessons,for lessons,CASHLESS_PAYMENT,64
account_replenishment_id_sequence,660b1d67-250f-4527-be4e-020d4673f943,2021-12-06,2021-04-21,2021-12-08,10,bank,for lessons,for lessons,CASHLESS_PAYMENT,65
account_replenishment_id_sequence,14169aa2-045e-4db0-b8f1-0dea1ec516b3,2021-07-19,2021-05-02,2021-11-27,4,bank,for lessons,for lessons,CASHLESS_PAYMENT,66
account_replenishment_id_sequence,3ba6bc9f-c315-46f3-aa93-c1de2feee689,2021-07-23,2021-07-18,2021-10-29,9,bank,for lessons,for lessons,CASHLESS_PAYMENT,67
account_replenishment_id_sequence,2eb86f7f-a109-48b7-b843-a8dcd545197f,2021-09-15,2021-10-15,2021-02-10,6,bank,for lessons,for lessons,CASHLESS_PAYMENT,68
account_replenishment_id_sequence,7d45fac4-f4bb-4a2a-969b-735371ff6623,2021-03-07,2021-08-19,2021-12-05,5,bank,for lessons,for lessons,CASHLESS_PAYMENT,69
account_replenishment_id_sequence,e7372c34-8842-499a-b0a4-e66915c21e27,2021-05-17,2021-05-08,2021-05-23,7,bank,for lessons,for lessons,CASHLESS_PAYMENT,70
account_replenishment_id_sequence,97103916-1f9f-4a03-9f04-4f67918ad72a,2021-05-06,2021-06-03,2021-05-10,7,bank,for lessons,for lessons,CASHLESS_PAYMENT,71
account_replenishment_id_sequence,979b98ec-b20e-436a-9ea6-dfe994a9c1e7,2021-05-08,2021-04-14,2021-03-27,7,bank,for lessons,for lessons,CASHLESS_PAYMENT,72
account_replenishment_id_sequence,8e51cbca-8318-49d7-a159-ee6d732e5850,2021-06-27,2021-02-23,2021-05-22,1,bank,for lessons,for lessons,CASHLESS_PAYMENT,73
account_replenishment_id_sequence,372765d9-cd91-4054-bf04-c1c8fa660508,2021-04-13,2021-12-14,2021-08-09,6,bank,for lessons,for lessons,CASHLESS_PAYMENT,74
account_replenishment_id_sequence,6f9c6264-4284-42b3-bc63-10fc2b646a9a,2021-08-04,2021-05-20,2021-06-11,6,bank,for lessons,for lessons,CASHLESS_PAYMENT,75
account_replenishment_id_sequence,5cba106c-13bb-4dc4-8e39-699611e2ec71,2022-01-30,2021-11-14,2021-08-15,7,bank,for lessons,for lessons,CASHLESS_PAYMENT,76
account_replenishment_id_sequence,b2fd3b2f-bfd6-4ff7-843c-9cba00cab349,2021-11-11,2021-07-30,2021-11-23,6,bank,for lessons,for lessons,CASHLESS_PAYMENT,77
account_replenishment_id_sequence,1bee9b64-4ee2-45eb-964f-66d72142d33f,2021-02-19,2021-06-16,2021-05-22,7,bank,for lessons,for lessons,CASHLESS_PAYMENT,78
account_replenishment_id_sequence,349225cd-f204-4ed8-a8b7-3008d90306c5,2021-09-23,2021-07-20,2022-01-26,4,bank,for lessons,for lessons,CASHLESS_PAYMENT,79
account_replenishment_id_sequence,a2bdf503-7368-4f98-a86e-5cebeebaee21,2021-12-18,2021-05-31,2021-10-19,5,bank,for lessons,for lessons,CASHLESS_PAYMENT,80
account_replenishment_id_sequence,ee39a876-83f8-4da5-832e-7da2befcdebc,2021-05-05,2021-11-23,2021-04-10,5,bank,for lessons,for lessons,CASHLESS_PAYMENT,81
account_replenishment_id_sequence,5e2e06cb-8ab8-421b-9607-d4686c1e3b98,2021-07-05,2021-04-20,2021-10-09,5,bank,for lessons,for lessons,CASHLESS_PAYMENT,82
account_replenishment_id_sequence,35206f58-5365-47d4-899e-c156c8846575,2021-10-05,2022-01-05,2022-01-19,7,bank,for lessons,for lessons,CASHLESS_PAYMENT,83
account_replenishment_id_sequence,a27f0186-3f71-44fd-946d-0343a57c198d,2021-07-04,2021-03-14,2021-03-25,5,bank,for lessons,for lessons,CASHLESS_PAYMENT,84
account_replenishment_id_sequence,b9e36d71-e08d-431b-b761-0f17d1fb5d58,2021-04-11,2021-02-24,2022-01-08,5,bank,for lessons,for lessons,CASHLESS_PAYMENT,85
account_replenishment_id_sequence,8586e676-1193-45cf-be21-dd3421b4b0c4,2021-08-31,2021-11-15,2021-06-14,3,bank,for lessons,for lessons,CASHLESS_PAYMENT,86
account_replenishment_id_sequence,dd8a50cb-b5c1-4a35-9d85-6b6d954b1d79,2022-01-29,2021-12-17,2021-02-08,6,bank,for lessons,for lessons,CASHLESS_PAYMENT,87
account_replenishment_id_sequence,712b6091-0f49-4dbe-9b59-ae87f6eca655,2022-01-04,2021-12-24,2022-01-15,1,bank,for lessons,for lessons,CASHLESS_PAYMENT,88
account_replenishment_id_sequence,7263496d-6689-4a22-9aa2-5bc29d399960,2022-01-18,2021-12-19,2022-01-02,5,bank,for lessons,for lessons,CASHLESS_PAYMENT,89
account_replenishment_id_sequence,7bea1c00-b2de-43d0-81a6-96181aa74b11,2021-11-20,2021-05-11,2021-09-06,5,bank,for lessons,for lessons,CASHLESS_PAYMENT,90
account_replenishment_id_sequence,8dea80df-052e-42c1-b395-24427647f954,2021-07-09,2021-08-08,2021-05-11,8,bank,for lessons,for lessons,CASHLESS_PAYMENT,91
account_replenishment_id_sequence,2c69cf3d-2773-4bb3-b3c9-72aa8a215827,2021-06-09,2021-03-08,2021-05-26,8,bank,for lessons,for lessons,CASHLESS_PAYMENT,92
account_replenishment_id_sequence,559853b9-c338-4cce-b5da-fbdc337921e6,2021-02-04,2021-07-13,2021-10-02,2,bank,for lessons,for lessons,CASHLESS_PAYMENT,93
account_replenishment_id_sequence,af542398-2cc5-4e72-be52-d066d34934bc,2021-12-10,2021-10-15,2021-08-10,3,bank,for lessons,for lessons,CASHLESS_PAYMENT,94
account_replenishment_id_sequence,a629af0a-858a-49b8-9e75-7bca3687dddb,2021-11-07,2021-07-08,2021-09-27,4,bank,for lessons,for lessons,CASHLESS_PAYMENT,95
account_replenishment_id_sequence,4812a9a7-d37e-486e-8718-42401f4ab46f,2021-05-15,2021-12-03,2021-09-24,4,bank,for lessons,for lessons,CASHLESS_PAYMENT,96
account_replenishment_id_sequence,35aa1b0a-4f56-4570-ace6-575a0a5e0af2,2021-05-15,2021-09-19,2021-11-06,4,bank,for lessons,for lessons,CASHLESS_PAYMENT,97
account_replenishment_id_sequence,aa78739c-4434-41f3-894a-fec4dd0de7a0,2021-05-01,2021-09-02,2021-05-17,4,bank,for lessons,for lessons,CASHLESS_PAYMENT,98
account_replenishment_id_sequence,e00632d8-8fc0-4771-8040-95bc8f386c09,2021-07-26,2022-01-31,2021-08-22,8,bank,for lessons,for lessons,CASHLESS_PAYMENT,99
account_replenishment_id_sequence,f446d634-b118-4452-a8f2-4784ea9f540c,2021-02-27,2021-12-19,2021-04-14,7,bank,for lessons,for lessons,CASHLESS_PAYMENT,100
