id,uuid,created,updated,date,content,comment,tutor_id,student_id,grade_id
report_id_sequence,23c845c5-2ca9-491a-a7fe-56d882fe0b45,2021-02-06,2021-04-23,2021-02-24,content,comment,101,1,1
report_id_sequence,4f383f34-72b4-4f70-961a-22055f8bf536,2021-10-02,2022-01-26,2021-10-29,content,comment,102,2,2
report_id_sequence,f2ef9da8-868b-4806-8285-b456492f871a,2022-01-22,2021-03-22,2021-02-12,content,comment,103,3,3
report_id_sequence,eae9fd36-1073-4166-8938-a6b3c1a2c00b,2021-03-13,2021-07-15,2021-11-28,content,comment,104,4,4
report_id_sequence,448f5a40-3621-4b13-94a2-b5b2d97632be,2021-08-13,2021-08-31,2022-01-09,content,comment,105,5,5
report_id_sequence,d2a5b8d5-aeeb-4ed2-b304-23de713c77d0,2021-03-13,2021-07-12,2022-01-02,content,comment,106,6,6
report_id_sequence,b92a15c3-fe61-4e3c-8aaa-042a8bb98036,2021-11-28,2021-10-02,2021-12-02,content,comment,107,7,7
report_id_sequence,f671160d-adba-4538-84fe-3e5ccade2150,2021-09-13,2021-07-30,2021-11-01,content,comment,108,8,8
report_id_sequence,e1083e7f-52e0-46c5-b20a-be829d5fa4eb,2021-12-24,2021-06-19,2021-06-26,content,comment,109,9,9
report_id_sequence,660783cd-5bb7-49c0-8449-05c4a3525348,2022-01-16,2021-09-06,2021-02-18,content,comment,110,10,10
report_id_sequence,bbd68fc0-8156-49d5-a267-d70ed0e56cf5,2021-07-09,2022-01-29,2021-11-13,content,comment,111,11,11
report_id_sequence,882f42fd-d06d-4e2f-8974-faddd46ef8d4,2021-03-28,2021-03-30,2021-03-04,content,comment,112,12,12
report_id_sequence,8468b01c-b946-48c1-bbba-690609b11582,2021-05-23,2022-01-05,2021-03-17,content,comment,113,13,13
report_id_sequence,bf54f1fd-691d-4800-bdbd-84303582c511,2021-02-17,2021-08-10,2021-02-16,content,comment,114,14,14
report_id_sequence,81fe69f9-cefd-4156-9315-fc2e60589eca,2021-11-24,2021-02-12,2021-05-28,content,comment,115,15,15
report_id_sequence,342a1b9c-c0de-4a2a-875c-279b3b72f623,2021-06-15,2021-09-23,2021-04-02,content,comment,116,16,16
report_id_sequence,c706174d-41ac-47e3-a64f-b4b2c19802ea,2021-05-15,2021-11-07,2021-02-14,content,comment,117,17,17
report_id_sequence,bd73dd46-b59c-4ae9-8d79-9ea48dc2d4de,2021-05-21,2021-03-22,2021-09-02,content,comment,118,18,18
report_id_sequence,331eade1-c24a-451b-a292-48d416d77c62,2021-03-29,2021-05-24,2021-09-20,content,comment,119,19,19
report_id_sequence,85f09ee1-6dbe-4649-b4ea-a6a3d0a96c46,2021-09-14,2021-12-10,2021-06-09,content,comment,120,20,20
report_id_sequence,c77a3d12-d9de-4295-9c4e-db87d0c6cd0f,2021-08-06,2021-09-06,2021-08-23,content,comment,121,21,21
report_id_sequence,3b6cef13-d76d-4f62-9045-6bbe19fdd181,2021-04-05,2021-08-30,2021-03-22,content,comment,122,22,22
report_id_sequence,41a17683-81fc-460e-b25c-af07736fafe4,2021-10-19,2022-01-04,2021-08-26,content,comment,123,23,23
report_id_sequence,bd704294-2a03-408a-980c-6d666bdb7fbf,2022-01-26,2021-07-30,2021-08-12,content,comment,124,24,24
report_id_sequence,dc5869ea-6782-4eb7-b82d-df22eee749dd,2021-06-18,2021-07-15,2021-02-21,content,comment,125,25,25
report_id_sequence,a83846e2-bc54-481d-9e80-40963088c769,2021-08-26,2021-12-17,2021-02-06,content,comment,126,26,26
report_id_sequence,723b930c-f656-410a-bc55-08f376d23735,2021-05-08,2022-01-14,2021-07-14,content,comment,127,27,27
report_id_sequence,cff5ce33-f3cf-4b5a-8bb3-114674a6c806,2021-10-27,2022-01-06,2021-12-06,content,comment,128,28,28
report_id_sequence,82a1aeef-db95-4adb-b84e-5d7d6a7f2f8d,2021-07-14,2021-10-02,2021-02-16,content,comment,129,29,29
report_id_sequence,75e0d49c-e979-4fb7-a5fe-a0a597f4e6c2,2021-05-03,2022-01-02,2021-03-18,content,comment,130,30,30
report_id_sequence,6cc6efce-5d20-48f2-b96e-1e28c17bdd38,2021-02-13,2021-04-24,2021-08-18,content,comment,131,31,31
report_id_sequence,626cddca-72d4-4d5f-b644-9adee6a99074,2021-08-19,2021-07-02,2021-04-30,content,comment,132,32,32
report_id_sequence,e73e3e7d-bc9b-4f93-ad7a-a48325dd5354,2021-10-06,2021-07-25,2021-12-04,content,comment,133,33,33
report_id_sequence,55d7cad8-6c60-4213-8d08-3491274a5fa0,2021-11-05,2021-03-23,2021-07-17,content,comment,134,34,34
report_id_sequence,4217c394-cff3-46bc-b11a-15b19116a1ad,2021-06-29,2021-08-04,2021-04-23,content,comment,135,35,35
report_id_sequence,a6c87739-9dee-478f-bed7-baaa117bf7a0,2021-07-19,2021-09-11,2021-05-01,content,comment,136,36,36
report_id_sequence,76342c26-fe36-4b29-8961-d34fbc1ab112,2021-08-19,2021-06-25,2021-06-13,content,comment,137,37,37
report_id_sequence,c88358c0-89e2-41ef-9eb3-87313f96ea0c,2021-07-10,2021-11-10,2021-08-31,content,comment,138,38,38
report_id_sequence,ea1f844c-3d04-43c4-a67b-25cb49062ee7,2021-12-28,2021-07-24,2021-04-02,content,comment,139,39,39
report_id_sequence,ad46bd31-4d7f-4bea-9e3c-85c072c4c18b,2021-05-08,2021-09-26,2022-01-09,content,comment,140,40,40
report_id_sequence,54c1a536-0e7c-4042-a502-a99edf73854e,2021-09-05,2021-02-23,2021-06-17,content,comment,141,41,41
report_id_sequence,94411f3c-68ba-4116-b64a-ac032e2c9520,2021-09-09,2022-01-09,2021-03-28,content,comment,142,42,42
report_id_sequence,823a7d6f-c00d-4126-a569-2acf0104c18b,2021-09-18,2021-08-31,2021-04-04,content,comment,143,43,43
report_id_sequence,4f51cd17-3691-47c1-98bb-319afe6ea8a6,2021-12-16,2021-05-14,2022-01-20,content,comment,144,44,44
report_id_sequence,518b5233-a380-4a8a-8644-5ca9e0b776d8,2021-04-27,2021-02-26,2021-09-06,content,comment,145,45,45
report_id_sequence,3b6e3c7e-be68-49aa-bca0-c05a989db765,2022-01-05,2021-09-21,2021-09-21,content,comment,146,46,46
report_id_sequence,feedb431-49c2-46e5-a73b-bdff794be7f1,2021-09-10,2021-09-30,2021-05-14,content,comment,147,47,47
report_id_sequence,9473441d-59db-4adc-a428-34a0ddba26c5,2022-01-22,2022-01-24,2021-06-17,content,comment,148,48,48
report_id_sequence,9b2dd9d7-1910-41f8-99ea-97273cb6c289,2021-07-26,2022-01-10,2021-06-19,content,comment,149,49,49
report_id_sequence,559a5910-4afb-4325-9d38-dbb5eeb1ac66,2022-01-21,2021-07-06,2021-09-22,content,comment,150,50,50
report_id_sequence,3f76ed26-6af4-4f91-a15d-9cae12e47c4b,2021-08-09,2021-11-14,2021-03-08,content,comment,151,51,51
report_id_sequence,a0b2eccd-d251-4836-b973-5745fe523af3,2021-11-05,2021-03-17,2021-12-01,content,comment,152,52,52
report_id_sequence,63d34bdb-5144-4455-ab38-cbdc86016ea5,2021-05-20,2022-01-24,2021-02-24,content,comment,153,53,53
report_id_sequence,6ceccbbd-3027-4a17-adcb-c4ef2a70ec72,2021-08-02,2021-06-15,2021-02-09,content,comment,154,54,54
report_id_sequence,7345289a-6aad-438c-933f-972fe85a239f,2021-03-17,2021-12-01,2021-08-22,content,comment,155,55,55
report_id_sequence,bd900d13-dd93-40ea-b2b5-b023b86e69c6,2021-08-14,2021-03-26,2021-08-28,content,comment,156,56,56
report_id_sequence,c0b71dbb-957d-40aa-87ab-48725f043931,2022-01-08,2021-02-25,2022-02-01,content,comment,157,57,57
report_id_sequence,6f2acdde-29ca-4ab7-875d-ad03911cfc29,2021-07-03,2021-08-14,2021-03-15,content,comment,158,58,58
report_id_sequence,d3d6d171-a0ac-43a1-abd7-7885d31f5df3,2021-07-16,2021-08-09,2021-12-13,content,comment,159,59,59
report_id_sequence,296f904f-b23c-46b0-8755-6282ce788793,2021-12-12,2021-04-30,2021-12-18,content,comment,160,60,60
report_id_sequence,fbf336c5-e608-4f9c-8299-448add35a7e0,2021-05-13,2021-08-29,2021-05-18,content,comment,161,61,61
report_id_sequence,89e03428-5f9e-4db7-b15b-3e80cc4cd52f,2021-03-05,2021-08-16,2021-04-27,content,comment,162,62,62
report_id_sequence,17addc04-c0c3-405d-b596-3c1c560957b5,2022-01-28,2021-11-12,2021-05-11,content,comment,163,63,63
report_id_sequence,203ac9fa-efaa-475b-b2a9-2619b682c564,2021-02-08,2021-12-08,2021-09-10,content,comment,164,64,64
report_id_sequence,c549739a-98fc-46be-84ce-6bf09c6de0b8,2021-11-07,2021-05-08,2021-06-06,content,comment,165,65,65
report_id_sequence,83b06d80-9eb3-4e0f-b1c6-8ab6bef5e6ee,2021-06-07,2021-10-27,2021-05-30,content,comment,166,66,66
report_id_sequence,2a4c4ae9-11c4-461a-a961-da67de3a3369,2021-05-25,2022-01-05,2021-06-10,content,comment,167,67,67
report_id_sequence,5db59bb8-057f-422f-b697-0e609a206a54,2021-03-16,2021-10-28,2021-07-16,content,comment,168,68,68
report_id_sequence,6f977138-c402-46b7-bcfb-99a24255782a,2022-02-02,2021-11-11,2022-01-21,content,comment,169,69,69
report_id_sequence,24fe131a-91d0-4596-bc37-d95b155dfd7c,2021-10-27,2021-07-22,2022-01-09,content,comment,170,70,70
report_id_sequence,29bbb0a9-3e24-435d-b7a3-029c65f664b7,2021-06-13,2021-05-23,2021-12-22,content,comment,171,71,71
report_id_sequence,34c35ae2-a6c0-407b-851e-c9af30ee5287,2021-10-20,2021-03-25,2021-10-21,content,comment,172,72,72
report_id_sequence,de7ac3f3-eb2e-4579-a8b5-a3757be38a5b,2021-03-17,2021-06-08,2021-10-07,content,comment,173,73,73
report_id_sequence,f889d53e-46c2-4aad-8956-187a7db2f148,2021-09-30,2021-07-03,2021-08-30,content,comment,174,74,74
report_id_sequence,e2f8059f-4ade-475f-8ee8-e8ac657fab80,2021-10-15,2021-12-20,2021-10-22,content,comment,175,75,75
report_id_sequence,5c40c39e-988b-4f97-87e4-93a0212287ea,2021-10-24,2022-01-16,2021-09-16,content,comment,176,76,76
report_id_sequence,0c73b08c-35e6-4505-87b0-65534e18f5a9,2021-10-25,2021-09-09,2022-02-03,content,comment,177,77,77
report_id_sequence,6a5bc153-4a9b-4748-9e42-f857ab200b71,2021-11-21,2021-12-03,2021-12-28,content,comment,178,78,78
report_id_sequence,cb920e3c-63eb-4f9e-a238-60a0f3aa9420,2021-03-16,2021-08-16,2021-11-07,content,comment,179,79,79
report_id_sequence,a6b2179a-193f-4c49-ae72-bef4a7eff62d,2021-10-10,2021-07-26,2021-07-09,content,comment,180,80,80
report_id_sequence,4be3f583-7248-4b4e-8bd4-9dbe3fedabe0,2021-12-10,2021-03-18,2021-11-29,content,comment,181,81,81
report_id_sequence,a7563ddd-03b7-4e8b-97b9-492b69651057,2021-08-16,2021-10-10,2021-10-16,content,comment,182,82,82
report_id_sequence,ae77744a-6644-4117-aca2-5ef31da6777a,2022-01-21,2021-02-09,2021-09-27,content,comment,183,83,83
report_id_sequence,81764af0-79e2-44ca-9fa3-cfb13d47424d,2021-03-22,2021-08-15,2022-01-24,content,comment,184,84,84
report_id_sequence,a5499bfa-ec44-4402-841c-1dae5b61d04f,2021-03-30,2021-08-11,2021-12-31,content,comment,185,85,85
report_id_sequence,66ee109a-4eb3-419b-9db7-ce79a0ad8bb6,2022-01-19,2021-07-20,2021-05-15,content,comment,186,86,86
report_id_sequence,0506e9a7-a25f-4ceb-ae6e-533791a06895,2022-01-26,2021-12-10,2021-07-25,content,comment,187,87,87
report_id_sequence,e032131f-d74b-433d-b692-fd05db5f96cd,2021-07-04,2021-05-18,2021-08-12,content,comment,188,88,88
report_id_sequence,461aeb2a-fbb3-4b1e-b9a3-169238dca2ba,2021-09-02,2021-10-13,2022-01-15,content,comment,189,89,89
report_id_sequence,e8f163bc-3375-42c0-9b72-b1d4417080e9,2021-11-26,2021-06-17,2021-12-01,content,comment,190,90,90
report_id_sequence,a29bb4b1-b648-4796-8e06-98fcd4631790,2021-10-09,2021-12-02,2021-08-07,content,comment,191,91,91
report_id_sequence,00cd7568-79b7-48a0-84cb-75e508ee5c5b,2021-12-05,2021-09-30,2021-09-17,content,comment,192,92,92
report_id_sequence,a644f735-dff1-4b80-a710-6e12dbb8f647,2021-12-16,2021-04-28,2021-03-22,content,comment,193,93,93
report_id_sequence,89308e75-a47c-4419-ab6e-0a54ef43e97c,2021-06-23,2021-12-31,2021-09-01,content,comment,194,94,94
report_id_sequence,6c5173c2-c39b-435b-b79f-4347de373393,2021-08-05,2021-08-18,2021-02-14,content,comment,195,95,95
report_id_sequence,13cdaecc-d5ba-42a5-90d5-79250db65af0,2021-04-25,2021-04-16,2021-08-12,content,comment,196,96,96
report_id_sequence,b89f98b1-6d9a-4001-b87e-c8fcea7a87a8,2021-08-09,2021-09-07,2021-12-20,content,comment,197,97,97
report_id_sequence,2be384e7-080c-4470-aede-81d927f2a325,2021-05-08,2021-02-21,2021-04-24,content,comment,198,98,98
report_id_sequence,635b877c-2f9b-4938-83f6-5d065907a1d0,2021-07-13,2021-03-02,2021-09-23,content,comment,199,99,99
report_id_sequence,a8364e13-c334-403b-a094-b7904dfbb4a1,2021-12-16,2021-10-10,2021-07-28,content,comment,200,100,100
