id,type,uuid,created,updated,username,first_name,last_name,email,gender,birth_day,activated,account_id,role_id
user_id_sequence,student,c7b37e70-4473-47d0-bdd4-1933c174cc0a,2021-10-28,2021-02-10,student,student,student,student@student.student,FEMALE,1999-01-01,true,1,3
user_id_sequence,student,5889234b-24b8-43bd-8439-864779d8da9f,2021-12-18,2021-09-11,edils1,Eunice,Dils,edils1@dedecms.com,MALE,1982-02-12,true,2,3
user_id_sequence,student,57f4820e-66c7-439e-bfb5-3f378a34921d,2021-11-24,2021-12-05,cellick2,Chick,Ellick,cellick2@bandcamp.com,MALE,1971-03-21,true,3,3
user_id_sequence,student,8ef6293a-d564-4d1f-b3af-fefa7919a301,2021-12-29,2021-03-12,dwaitland3,Dev,Waitland,dwaitland3@japanpost.jp,MALE,1988-12-28,true,4,3
user_id_sequence,student,c1a3babf-4aa2-465b-b41b-6b897724348d,2021-02-19,2021-05-08,gdowning4,Gwennie,Downing,gdowning4@people.com.cn,MALE,1993-08-21,true,5,3
user_id_sequence,student,45ce8df7-a125-4196-bc3a-b3bfc379bd36,2021-08-18,2021-07-01,dheskin5,Duff,Heskin,dheskin5@ucla.edu,MALE,1982-06-21,true,6,3
user_id_sequence,student,2f6d9403-d078-442c-8b4b-bb5a37bb1301,2021-05-26,2021-10-22,mcruft6,Mariam,Cruft,mcruft6@globo.com,MALE,1997-06-29,true,7,3
user_id_sequence,student,9925fe3e-95ef-4024-b331-36b5800577ea,2021-08-25,2021-10-08,dperillio7,Dorian,Perillio,dperillio7@so-net.ne.jp,MALE,1977-05-23,true,8,3
user_id_sequence,student,b622a61e-c6d9-4c62-9e1e-09770787b719,2021-05-25,2022-01-17,nheinz8,Noll,Heinz,nheinz8@comcast.net,MALE,1952-10-29,true,9,3
user_id_sequence,student,6f845779-bd24-4c68-8287-e700e0740c41,2021-06-20,2021-08-18,ecrannis9,Emily,Crannis,ecrannis9@cbsnews.com,MALE,1940-05-26,true,10,3
user_id_sequence,student,881138b5-8acd-4c81-9012-ebbb4a6f414f,2021-06-27,2021-04-14,rlowerya,Rafaelia,Lowery,rlowerya@reuters.com,MALE,1954-10-10,true,11,3
user_id_sequence,student,acd3ad55-d4b1-4168-b1b5-8b2254b64697,2021-12-05,2021-04-19,pgwytherb,Powell,Gwyther,pgwytherb@hostgator.com,MALE,1976-01-09,true,12,3
user_id_sequence,student,58cb87da-a936-4545-8717-fda5a99cfef6,2021-04-29,2021-09-25,vbruckmanc,Vivienne,Bruckman,vbruckmanc@instagram.com,MALE,1986-04-23,true,13,3
user_id_sequence,student,9bd344e2-c9e2-439c-8736-cbe4864ba764,2021-06-07,2021-06-12,mklausend,Mariana,Klausen,mklausend@xinhuanet.com,MALE,1940-01-23,true,14,3
user_id_sequence,student,9cd58e47-0b18-4263-ac5f-06a3147cdfbb,2021-06-15,2021-02-12,fmaciae,Frank,Macia,fmaciae@photobucket.com,MALE,1931-07-07,true,15,3
user_id_sequence,student,b17fb97e-6fca-4bd4-9df6-febf1629770e,2021-02-14,2021-02-06,fglowachaf,Fairlie,Glowacha,fglowachaf@plala.or.jp,MALE,1950-08-09,true,16,3
user_id_sequence,student,d4579bbe-5635-4afb-a44f-2b3f317125ac,2021-02-05,2021-02-01,ckeillohg,Carlin,Keilloh,ckeillohg@cam.ac.uk,MALE,1990-04-07,true,17,3
user_id_sequence,student,ebd1b1b7-104d-4987-b489-da29f5df365d,2021-11-28,2021-07-24,cdigregorioh,Chrotoem,Di Gregorio,cdigregorioh@nasa.gov,MALE,1971-02-04,true,18,3
user_id_sequence,student,9aa1050d-4665-4395-9d2d-1ee0a5c7702b,2021-03-14,2021-10-14,mcarlemani,Manya,Carleman,mcarlemani@weibo.com,MALE,1960-09-27,true,19,3
user_id_sequence,student,eb8aff47-391c-4b48-ae86-a149c997d582,2021-12-09,2021-08-11,kaggasj,Kaylyn,Aggas,kaggasj@ucsd.edu,MALE,1978-01-29,true,20,3
user_id_sequence,student,727a5397-2a77-4d5f-b44c-a7e33b6112f1,2021-05-31,2021-12-03,kcrichk,Kristos,Crich,kcrichk@scribd.com,MALE,1945-10-19,true,21,3
user_id_sequence,student,6183ae23-a595-4599-8768-57fee58ed957,2021-02-07,2022-01-16,oarminl,Olivette,Armin,oarminl@china.com.cn,MALE,1996-05-03,true,22,3
user_id_sequence,student,b2b75608-8339-41ab-977d-9f5ff788132a,2021-05-18,2022-01-15,dedwinm,Dorie,Edwin,dedwinm@stanford.edu,MALE,1939-10-20,true,23,3
user_id_sequence,student,b24467d7-677e-4c71-8d73-ff5dc3239c49,2021-04-09,2021-02-22,djeavonn,Darya,Jeavon,djeavonn@about.me,MALE,1978-07-13,true,24,3
user_id_sequence,student,b96ee871-f2dd-4d31-a805-1b17be96c603,2021-07-13,2022-01-02,ptunnowo,Pren,Tunnow,ptunnowo@joomla.org,MALE,1967-10-16,true,25,3
user_id_sequence,student,b1cdd15b-41d1-46ea-b474-ab19af7471d7,2021-06-03,2021-03-31,awynnep,Aristotle,Wynne,awynnep@exblog.jp,MALE,1996-05-23,true,26,3
user_id_sequence,student,0dc3dafb-6845-46b8-8329-2a92580d8bdc,2021-09-12,2021-03-23,kwiddq,Kerby,Widd,kwiddq@ameblo.jp,MALE,1935-08-10,true,27,3
user_id_sequence,student,a2201ed4-6137-477c-a1e6-e0de7f6bc7f6,2021-11-04,2021-09-02,dmahyr,Davide,Mahy,dmahyr@ifeng.com,MALE,1934-08-04,true,28,3
user_id_sequence,student,edc4b1d5-06f7-4fe2-98c8-749abfb981af,2021-05-06,2022-01-26,aschiefersteins,Ava,Schieferstein,aschiefersteins@abc.net.au,MALE,1968-06-15,true,29,3
user_id_sequence,student,2a2f2768-118a-44a5-8c54-f5e94b7786f4,2021-07-26,2021-05-20,cbusswellt,Cortie,Busswell,cbusswellt@pcworld.com,MALE,1941-03-20,true,30,3
user_id_sequence,student,cd964f9a-d520-4a59-bece-501df81870b8,2021-12-22,2021-06-12,tshirtu,Theo,Shirt,tshirtu@washington.edu,MALE,1997-07-03,true,31,3
user_id_sequence,student,56d4fdc5-0f11-4dc6-8a79-323dcf086641,2022-01-09,2021-02-21,aibanv,Alyce,Iban,aibanv@twitpic.com,MALE,1944-04-03,true,32,3
user_id_sequence,student,592e83e2-8e15-4baf-99ed-35e91b7cb8b2,2021-10-23,2021-08-06,nlummw,Nestor,Lumm,nlummw@admin.ch,MALE,1938-08-27,true,33,3
user_id_sequence,student,f8347fe4-645e-4d04-8b5c-c14d6479d517,2022-01-01,2021-03-24,zstutx,Zeke,Stut,zstutx@drupal.org,MALE,1960-04-11,true,34,3
user_id_sequence,student,63e16532-325c-4bac-beaa-ef8a23013b60,2021-10-25,2022-01-10,fbelisony,Faulkner,Belison,fbelisony@g.co,MALE,1986-01-21,true,35,3
user_id_sequence,student,cc010bc1-d59f-4b2a-94d5-5f62a37af8b9,2021-12-07,2021-06-27,gmabbotz,Giorgia,Mabbot,gmabbotz@fotki.com,MALE,1965-08-27,true,36,3
user_id_sequence,student,3c401665-e436-4e49-a986-889c63461f76,2021-04-17,2021-11-15,mleyninye10,Marcello,Leyninye,mleyninye10@jugem.jp,MALE,1944-06-07,true,37,3
user_id_sequence,student,c28e797d-3ea2-4cff-95c4-6bac5ac65144,2021-07-03,2022-01-12,fchilles11,Ford,Chilles,fchilles11@tumblr.com,MALE,1981-06-03,true,38,3
user_id_sequence,student,0db3e199-3c48-4a06-9599-13c190802f2b,2021-09-18,2021-11-09,sderbyshire12,Sascha,Derbyshire,sderbyshire12@1688.com,MALE,1925-03-06,true,39,3
user_id_sequence,student,b73ae17d-3a23-4ba6-93b6-edc5cc5b7829,2021-12-20,2021-12-16,pspreckley13,Pietro,Spreckley,pspreckley13@nytimes.com,MALE,1964-10-06,true,40,3
user_id_sequence,student,dab9b947-d640-41e9-a5a8-e086e25f6c8a,2021-07-14,2021-11-14,jhambatch14,Jory,Hambatch,jhambatch14@chicagotribune.com,MALE,1949-04-04,true,41,3
user_id_sequence,student,df303a0c-e243-490e-b23b-a01bc42bfeda,2022-01-06,2021-12-20,kmimmack15,Korney,Mimmack,kmimmack15@wufoo.com,MALE,1962-01-25,true,42,3
user_id_sequence,student,d5193aee-1768-46b4-af23-499327ebd667,2021-03-09,2021-08-17,tholligan16,Thibaud,Holligan,tholligan16@dagondesign.com,MALE,1966-10-21,true,43,3
user_id_sequence,student,2c81bf1b-6ef8-4573-97f8-e17cb7d6be90,2021-05-03,2021-05-10,ntolworth17,Noella,Tolworth,ntolworth17@engadget.com,MALE,1926-07-24,true,44,3
user_id_sequence,student,8726ea06-a8a5-4c23-a647-54af4563cc1c,2021-12-04,2021-04-23,mbettington18,Marcela,Bettington,mbettington18@dailymotion.com,MALE,1995-03-11,true,45,3
user_id_sequence,student,2a906589-a0a2-490e-a5a6-391e06379836,2021-06-25,2021-04-14,dblundon19,Debor,Blundon,dblundon19@privacy.gov.au,MALE,1925-12-25,true,46,3
user_id_sequence,student,b2e93442-de3d-4796-9288-d197c22f2eb1,2021-02-02,2021-02-26,jbucknill1a,Jessamyn,Bucknill,jbucknill1a@bravesites.com,MALE,1989-10-09,true,47,3
user_id_sequence,student,5c346ace-3b56-4a94-905c-36973f0c7272,2022-01-12,2021-04-10,vslopier1b,Violette,Slopier,vslopier1b@nature.com,MALE,1937-06-30,true,48,3
user_id_sequence,student,9a2990ea-d3f0-4be9-aad7-0bf545ab1a2c,2021-05-11,2021-11-22,dbentz1c,Dulci,Bentz,dbentz1c@sitemeter.com,MALE,1952-03-25,true,49,3
user_id_sequence,student,3050020e-8eb9-4b43-bc01-4bf09359b95c,2021-04-28,2021-07-20,lofarrell1d,Leodora,O'Farrell,lofarrell1d@feedburner.com,FEMALE,1969-10-14,true,50,3
user_id_sequence,student,650409f9-1b14-423e-9285-2030dca31a1b,2021-10-15,2021-04-26,jlawleff1e,Jethro,Lawleff,jlawleff1e@uiuc.edu,FEMALE,1962-05-13,true,51,3
user_id_sequence,student,871039e0-e274-4b7b-a27a-b978152e4936,2021-12-07,2021-06-22,bshambrooke1f,Brockie,Shambrooke,bshambrooke1f@tinyurl.com,FEMALE,1994-12-21,true,52,3
user_id_sequence,student,fc2cdae0-d3e6-4aed-ba48-f6107a29a65b,2021-03-06,2022-01-28,cremnant1g,Crawford,Remnant,cremnant1g@state.tx.us,FEMALE,1968-12-24,true,53,3
user_id_sequence,student,150851c3-fb79-4b90-935a-f37201d67c99,2021-02-03,2021-02-04,ufandrey1h,Urbanus,Fandrey,ufandrey1h@reuters.com,FEMALE,1958-08-11,true,54,3
user_id_sequence,student,b0207f34-3c41-4e47-aa29-cc88ea7d2dec,2022-01-17,2021-10-26,driepl1i,Derby,Riepl,driepl1i@shop-pro.jp,FEMALE,1997-01-25,true,55,3
user_id_sequence,student,1d384bc4-078d-4fb3-ae65-0901861eed80,2021-09-05,2021-05-23,palesin1j,Phillipe,Alesin,palesin1j@java.com,FEMALE,1951-02-26,true,56,3
user_id_sequence,student,1dd3b3cd-08df-4ddf-93e3-9fd734b07a07,2021-12-04,2022-01-27,pfishley1k,Pen,Fishley,pfishley1k@php.net,FEMALE,1936-09-11,true,57,3
user_id_sequence,student,313b3ef6-4580-4037-891d-c89a31ef5389,2022-01-22,2021-07-03,dgibbons1l,Desiree,Gibbons,dgibbons1l@1688.com,FEMALE,1962-10-13,true,58,3
user_id_sequence,student,3d06fb71-627e-45cc-9c17-159dbaae4c01,2021-11-01,2021-11-09,twatman1m,Teri,Watman,twatman1m@alexa.com,FEMALE,1943-07-20,true,59,3
user_id_sequence,student,34029057-ad47-4bf6-bcd4-7ee3806ce1e5,2021-12-14,2021-09-03,cgreenham1n,Charlene,Greenham,cgreenham1n@blog.com,FEMALE,1995-06-07,true,60,3
user_id_sequence,student,9a89d569-f07e-4c0a-8117-7b8ea557340e,2021-05-05,2021-07-25,csutherby1o,Corenda,Sutherby,csutherby1o@t.co,FEMALE,1968-08-02,true,61,3
user_id_sequence,student,aeb1b31b-40ca-4ba6-992b-5a2e4d4545fe,2021-10-07,2021-09-20,bpykett1p,Brittan,Pykett,bpykett1p@youku.com,FEMALE,1985-03-24,true,62,3
user_id_sequence,student,b21dbcf9-a1e4-4f7a-a914-f092a5b30ece,2021-09-05,2021-09-13,gbartleman1q,Garrett,Bartleman,gbartleman1q@tinyurl.com,FEMALE,1983-09-17,true,63,3
user_id_sequence,student,69725834-3663-460a-9050-54d5d2cbc632,2021-08-24,2021-02-08,tdillintone1r,Teddy,Dillintone,tdillintone1r@webs.com,FEMALE,1999-02-12,true,64,3
user_id_sequence,student,b66d94c3-bde3-4d68-99df-4d4107859719,2021-08-18,2021-11-30,cmcwhannel1s,Constance,McWhannel,cmcwhannel1s@taobao.com,FEMALE,1935-05-31,true,65,3
user_id_sequence,student,3687086f-002a-481c-8a0a-3674fd79454a,2021-10-21,2021-12-07,vbenois1t,Viviene,Benois,vbenois1t@princeton.edu,FEMALE,1941-05-02,true,66,3
user_id_sequence,student,ac838cc7-dbb1-46c5-8f85-1633efe24eed,2021-02-02,2021-05-21,anelane1u,Annabelle,Nelane,anelane1u@istockphoto.com,FEMALE,1940-05-16,true,67,3
user_id_sequence,student,52f60d2e-e22f-4aa2-909e-bdbf5ae6217b,2021-02-08,2021-06-26,hmaiden1v,Hube,Maiden,hmaiden1v@twitter.com,FEMALE,1928-02-16,true,68,3
user_id_sequence,student,a2c24892-ebf2-45f4-a0fd-ad259c2e5293,2021-12-17,2021-10-31,mpeter1w,Martica,Peter,mpeter1w@ed.gov,FEMALE,1994-07-05,true,69,3
user_id_sequence,student,6b9a4ea9-aacc-43a8-8e02-e8a917624442,2021-08-28,2021-07-15,ebrundall1x,Erinna,Brundall,ebrundall1x@cmu.edu,FEMALE,1931-01-25,true,70,3
user_id_sequence,student,15a724b3-e063-4bd4-95ac-d58f447e17cb,2021-10-04,2021-12-16,rtinan1y,Roobbie,Tinan,rtinan1y@newsvine.com,FEMALE,1937-11-14,true,71,3
user_id_sequence,student,31aec1e8-9709-4313-9077-9fdc80c48e01,2021-06-13,2021-05-24,ahandscomb1z,Aurelea,Handscomb,ahandscomb1z@youku.com,FEMALE,1999-10-30,true,72,3
user_id_sequence,student,1f118112-05a7-4c55-80f0-b7f52a20157e,2021-12-12,2021-09-24,scarwithan20,Sabrina,Carwithan,scarwithan20@pbs.org,FEMALE,1983-07-27,true,73,3
user_id_sequence,student,4c32a2f6-c1da-4829-b43f-2946519a7e1c,2021-12-17,2021-06-10,ledsall21,Lacey,Edsall,ledsall21@multiply.com,FEMALE,1980-08-30,true,74,3
user_id_sequence,student,7b1386ba-0613-4ebd-ad8d-9e21d689d5ef,2021-05-03,2021-10-10,jwason22,Joshuah,Wason,jwason22@comsenz.com,FEMALE,1974-09-26,true,75,3
user_id_sequence,student,f0073732-2a24-41cf-823d-ed98ae163dee,2021-03-01,2022-01-03,mfrew23,Marika,Frew,mfrew23@cargocollective.com,FEMALE,1925-06-25,true,76,3
user_id_sequence,student,2f19c299-4aca-4684-8e49-c8ee45719028,2021-02-12,2021-07-01,kord24,Kelsey,Ord,kord24@eepurl.com,FEMALE,1991-11-19,true,77,3
user_id_sequence,student,15de1d10-9bb5-49ee-ae2b-176c3dbc4c68,2021-06-02,2021-12-24,mmcfetridge25,Marty,McFetridge,mmcfetridge25@ucsd.edu,FEMALE,1964-10-15,true,78,3
user_id_sequence,student,c3e4089c-2ed0-468a-88b6-d709fb191630,2021-04-04,2021-12-16,rmelmar26,Rickie,Melmar,rmelmar26@quantcast.com,FEMALE,1944-01-12,true,79,3
user_id_sequence,student,fc273ea2-7ac3-498b-a3e0-661e43271651,2022-01-28,2021-08-26,hfuster27,Hart,Fuster,hfuster27@nifty.com,FEMALE,1996-04-10,true,80,3
user_id_sequence,student,4f406fed-f1ec-42d0-bac7-ac1a7130fb4d,2021-09-02,2021-07-29,dgiovanetti28,Daniella,Giovanetti,dgiovanetti28@nsw.gov.au,FEMALE,1970-05-18,true,81,3
user_id_sequence,student,9ac8d2a7-30d9-466f-acba-30e0ab5e684d,2021-02-02,2021-08-19,snugent29,Sidnee,Nugent,snugent29@1und1.de,FEMALE,1945-01-05,true,82,3
user_id_sequence,student,6209d12d-a0f7-4be6-8eba-43be2775281e,2021-03-31,2021-07-04,mjullian2a,Malcolm,Jullian,mjullian2a@aboutads.info,FEMALE,1946-04-16,true,83,3
user_id_sequence,student,1d7da080-02f5-43f0-a742-1211888273c9,2021-11-25,2021-05-21,rrisborough2b,Richmond,Risborough,rrisborough2b@mozilla.org,FEMALE,1977-04-01,true,84,3
user_id_sequence,student,fb71fe0f-435e-4fd3-a285-1dc6ea8df635,2021-04-12,2021-08-11,cgibberd2c,Cozmo,Gibberd,cgibberd2c@diigo.com,FEMALE,1990-08-30,true,85,3
user_id_sequence,student,f8f24e68-7fdd-4fe0-bc49-945090a53183,2021-07-20,2021-12-03,tcudd2d,Tallie,Cudd,tcudd2d@usatoday.com,FEMALE,1961-04-10,true,86,3
user_id_sequence,student,89fbc3a7-778e-413a-a40c-fbd0343c2486,2021-04-17,2021-03-07,aready2e,Ange,Ready,aready2e@china.com.cn,FEMALE,1947-10-29,true,87,3
user_id_sequence,student,46a84a1f-3666-4abc-b7ea-f3990e5d52c0,2021-10-07,2021-10-15,kbut2f,Kalil,But,kbut2f@hhs.gov,FEMALE,1998-12-19,true,88,3
user_id_sequence,student,a4fe00a8-1dd6-4ece-b89a-76914bf6963f,2021-11-30,2021-02-22,adourin2g,Adelheid,Dourin,adourin2g@ifeng.com,FEMALE,1999-10-10,true,89,3
user_id_sequence,student,b9023869-ae22-4094-8fdd-dde917fc508b,2021-07-19,2021-11-23,sjakel2h,Shanon,Jakel,sjakel2h@go.com,FEMALE,1936-03-30,true,90,3
user_id_sequence,student,25d4cb97-c181-4778-ab3a-62f15f81b5af,2021-11-14,2021-10-30,lblandamore2i,Lanny,Blandamore,lblandamore2i@t.co,FEMALE,1936-05-29,true,91,3
user_id_sequence,student,c342b08e-56c3-481a-b122-453bbd8fd7b5,2021-09-17,2021-02-07,btunmore2j,Baxy,Tunmore,btunmore2j@arizona.edu,FEMALE,1933-11-30,true,92,3
user_id_sequence,student,d14c70d0-ec72-4570-95c8-5e794df3bc2b,2021-12-27,2021-07-06,csinden2k,Cord,Sinden,csinden2k@answers.com,FEMALE,1930-07-06,true,93,3
user_id_sequence,student,176a1272-6ea1-455a-ac40-75083155f3ea,2021-09-07,2021-04-17,slogie2l,Selinda,Logie,slogie2l@jimdo.com,FEMALE,1960-08-28,true,94,3
user_id_sequence,student,ebc8827a-5b0d-4859-905b-285795b2cc63,2021-03-21,2021-08-16,idall2m,Ivy,Dall,idall2m@cpanel.net,FEMALE,1971-11-29,true,95,3
user_id_sequence,student,c424ea1b-b41c-4811-ad4c-ef18c7b9f79c,2021-09-03,2021-09-25,fstorton2n,Felike,Storton,fstorton2n@chronoengine.com,FEMALE,1925-10-12,true,96,3
user_id_sequence,student,5aac6e3b-cb81-443e-98b3-c78016190197,2021-10-17,2021-11-19,lsalman2o,Lorelle,Salman,lsalman2o@comsenz.com,FEMALE,1975-02-09,true,97,3
user_id_sequence,student,d7070c96-0bcc-4cf7-b099-31ae83fc11f5,2021-07-17,2022-01-24,ahirthe2p,Adriano,Hirthe,ahirthe2p@newyorker.com,FEMALE,1976-02-17,true,98,3
user_id_sequence,student,25364463-a0e8-42a1-8ca1-ba3ed645b3fd,2021-03-23,2022-01-18,ascotchmur2q,Alic,Scotchmur,ascotchmur2q@woothemes.com,FEMALE,1992-11-03,true,99,3
user_id_sequence,student,3d47e19d-32eb-49ce-ad0b-f0d8b99d12d2,2021-05-28,2021-12-15,cpurnell2r,Caty,Purnell,cpurnell2r@usda.gov,FEMALE,1998-07-02,true,100,3
