id,uuid,created,updated,name,description,length,subject_id,course_id
topic_id_sequence,b1b16898-3ef8-486a-9768-d063190db29d,2021-03-17,2021-08-21,Holdlamis,description,100,1,1
topic_id_sequence,bfe0a53c-407d-4fab-b934-6a7842d5d50e,2021-06-07,2021-09-12,Mat Lam Tam,description,100,2,2
topic_id_sequence,5a692dee-092a-41b3-8e42-0d8e61842264,2021-12-10,2021-03-04,Pannier,description,100,3,3
topic_id_sequence,c8e11137-b978-4110-9476-4e57591ca702,2021-11-29,2021-06-01,Aerified,description,100,4,4
topic_id_sequence,870f4c15-a05b-4a7f-b568-5d44130b87a7,2021-02-27,2022-01-11,Y-find,description,100,5,5
topic_id_sequence,9637d182-7e97-47a2-a428-73b1d5df7790,2021-04-28,2021-07-22,Treeflex,description,100,6,6
topic_id_sequence,82f76ad4-4610-422a-80b4-3e35592ac842,2021-06-12,2021-11-09,Tresom,description,100,7,7
topic_id_sequence,a05bf0c6-de62-4f81-b727-326cb6c04873,2021-09-07,2021-07-01,Fixflex,description,100,8,8
topic_id_sequence,ef88ad57-62bc-4fc0-9848-d1de14c49321,2021-09-22,2021-02-08,Stronghold,description,100,9,9
topic_id_sequence,cc42ab32-d086-45b7-9180-b575bcd44a6b,2021-12-12,2021-03-06,Tresom,description,100,10,10
topic_id_sequence,59de139d-fa8a-4fb2-bf2c-b81478ed092b,2021-03-30,2021-09-13,Alpha,description,100,11,11
topic_id_sequence,c4f03891-bd74-4c9a-9e86-10fa324005ac,2021-04-04,2022-01-01,Fix San,description,100,12,12
topic_id_sequence,64a7b3fe-d5a0-4bf0-b716-9c2c5e507794,2022-01-28,2021-12-31,Opela,description,100,13,13
topic_id_sequence,33296a2b-7397-409a-81e0-328ed90171b7,2021-07-12,2022-02-02,Alphazap,description,100,14,14
topic_id_sequence,546b0c2e-5b40-4b43-a1e1-2ae36d51fb23,2021-11-14,2021-08-19,Biodex,description,100,15,15
topic_id_sequence,f1414081-2c02-4c82-ac6a-52b50dc49eb5,2021-03-06,2021-02-04,Vagram,description,100,16,16
topic_id_sequence,3d01c23a-785a-48a5-9980-148d5c6b62fc,2021-04-22,2021-06-03,Redhold,description,100,17,17
topic_id_sequence,c76ecd90-04b8-4eb1-9577-bbc76cc2692b,2021-08-30,2021-11-13,Wrapsafe,description,100,18,18
topic_id_sequence,c28a65fb-55c8-4167-9168-57298da41a34,2021-12-15,2021-09-28,Fintone,description,100,19,19
topic_id_sequence,26b1e0d6-b730-4f15-9df4-32759c4bcd52,2021-07-02,2021-12-25,Zoolab,description,100,20,20
topic_id_sequence,a1569fec-aa0c-4bc7-aadd-ae467f3cc583,2021-05-19,2021-12-30,Ronstring,description,100,21,21
topic_id_sequence,7aa5a712-b4ce-4cea-9d52-5ba50c70739e,2021-11-28,2021-09-07,Home Ing,description,100,22,22
topic_id_sequence,2ce9c97d-8498-45cf-8914-3744dd54e519,2021-10-23,2021-06-15,Stringtough,description,100,23,23
topic_id_sequence,715271c6-4417-4861-92b0-4e5f42eaeed7,2021-02-22,2021-10-18,Solarbreeze,description,100,24,24
topic_id_sequence,3a4e1cfc-a31a-4238-b0ca-7f8879ee0e24,2021-10-08,2021-07-11,Greenlam,description,100,25,25
topic_id_sequence,526bc608-ea58-4363-8cc0-239106e1009f,2021-08-03,2021-03-22,Transcof,description,100,26,26
topic_id_sequence,35382991-e058-48d6-87f1-8cad842c09ac,2022-01-25,2021-09-16,Ventosanzap,description,100,27,27
topic_id_sequence,5602b6a1-cef2-4168-bcdf-fe5174af3a77,2021-04-17,2021-08-18,Alphazap,description,100,28,28
topic_id_sequence,7208f6e3-bd1d-4f1f-a3b6-15daf1adbebc,2021-05-17,2021-05-29,Andalax,description,100,29,29
topic_id_sequence,453d30b1-8e95-4c39-bbc7-38df9ea7c196,2021-08-28,2021-08-21,Zaam-Dox,description,100,30,30
topic_id_sequence,00353e88-ea54-4fee-b59f-2a730ea75f7e,2021-03-24,2021-10-06,Zamit,description,100,31,31
topic_id_sequence,a168e7fe-a140-4ec6-bfdf-e8dfd9de64a5,2021-06-15,2021-08-08,Voltsillam,description,100,32,32
topic_id_sequence,151c72b2-1121-4d80-a1e8-074b5b4bab2e,2021-06-22,2022-01-09,Flowdesk,description,100,33,33
topic_id_sequence,92b4b6f7-c9c0-4aba-a459-de78b838f094,2021-11-28,2021-03-23,Latlux,description,100,34,34
topic_id_sequence,3ffd832d-72cb-4831-9a3d-696d3653ea9b,2021-07-22,2021-07-21,Rank,description,100,35,35
topic_id_sequence,d7dabd1b-13d9-41fb-937d-fd0935ab6a85,2021-03-22,2021-08-26,Keylex,description,100,36,36
topic_id_sequence,03a833f7-e820-4c33-b2e0-f296a00bd091,2021-10-08,2021-07-27,Duobam,description,100,37,37
topic_id_sequence,4e92f081-62ca-4c8f-9b0c-0e92863e833b,2021-05-18,2021-09-26,Toughjoyfax,description,100,38,38
topic_id_sequence,f93e6b79-a055-4370-8576-6013cdf013fd,2021-08-26,2022-01-04,Viva,description,100,39,39
topic_id_sequence,bd169efd-afef-4ed9-83e9-70fe5bf0a3df,2021-08-19,2021-08-24,Tin,description,100,40,40
topic_id_sequence,b847b2ee-4817-4169-9485-e48cd51e7d0c,2021-02-05,2022-01-18,Sonsing,description,100,41,41
topic_id_sequence,44d6c0eb-e257-4431-9232-0858f6a51878,2021-04-01,2021-12-13,Alphazap,description,100,42,42
topic_id_sequence,5959f5de-b36b-4f32-b22b-9521bcfc2677,2021-12-10,2021-03-12,Hatity,description,100,43,43
topic_id_sequence,ab516836-4fdd-4ba8-8907-3bb78d5df3a4,2021-09-20,2021-12-18,Overhold,description,100,44,44
topic_id_sequence,c8d583ec-5bae-4557-bdbc-b1eab3c4afab,2021-12-20,2021-08-26,Flexidy,description,100,45,45
topic_id_sequence,05f1062d-6e0a-4a17-a2a1-1f711a6df914,2021-10-19,2021-06-19,Kanlam,description,100,46,46
topic_id_sequence,0a809e1c-cb8c-491c-a241-c0e5fa46e935,2021-09-28,2021-07-05,Zathin,description,100,47,47
topic_id_sequence,f0f0adc3-6ea1-40eb-aa20-4a69aabe62a2,2021-03-30,2021-07-05,Tres-Zap,description,100,48,48
topic_id_sequence,565d12cd-a8fd-4ad2-b10e-6da3cb8a9ad6,2021-10-31,2021-11-14,Zontrax,description,100,49,49
topic_id_sequence,bfa25d15-f55c-43a6-8191-e05e848ee3b2,2022-01-26,2021-03-22,Alphazap,description,100,50,50
topic_id_sequence,e74ddfe3-0688-4472-901a-85bb9a3d8063,2021-06-14,2021-05-09,Aerified,description,100,51,51
topic_id_sequence,c38dcdc8-22a1-4088-a37c-df96a59fc187,2021-05-19,2021-06-20,Gembucket,description,100,52,52
topic_id_sequence,365210ad-fb90-4c37-8908-f5eba300711d,2021-09-27,2022-01-07,Trippledex,description,100,53,53
topic_id_sequence,420b682f-8bc8-42f7-a1e1-dedae6f2ed2c,2021-11-26,2021-04-29,Hatity,description,100,54,54
topic_id_sequence,69b34fdb-ee09-4de7-a264-fb4540f7a9b0,2021-08-27,2022-02-02,Flowdesk,description,100,55,55
topic_id_sequence,df78feb7-69ea-4725-bf1c-a77e82d6f48c,2021-05-19,2021-09-03,Transcof,description,100,56,56
topic_id_sequence,e8838521-acb3-4b63-96f7-3bd4506c7439,2021-03-01,2022-01-04,Vagram,description,100,57,57
topic_id_sequence,478de230-a256-4643-a08c-dda3ebda7a0b,2021-09-24,2021-11-09,Opela,description,100,58,58
topic_id_sequence,8533ec46-d801-4a3c-8eb0-5dc9eb6129a1,2021-05-12,2021-06-03,Bitwolf,description,100,59,59
topic_id_sequence,ceb42d8e-77ea-4658-b4a7-7e9fa02cea65,2021-09-25,2021-12-02,Subin,description,100,60,60
topic_id_sequence,d9e02099-cc4a-4aa5-91b6-34ec4ea66a5a,2021-02-28,2021-11-13,Redhold,description,100,61,61
topic_id_sequence,fc010ed2-6f47-4ddb-916a-423c5db03a1e,2021-02-07,2021-06-13,Hatity,description,100,62,62
topic_id_sequence,78d5581d-5ae7-4ac0-b2c5-6b26559df616,2021-06-26,2021-03-08,Bitwolf,description,100,63,63
topic_id_sequence,248c9346-06e6-4bdd-852b-be7559eb944f,2021-03-26,2021-05-14,Stronghold,description,100,64,64
topic_id_sequence,861fd896-cda3-4a93-bc48-49539eb2d5e8,2021-05-04,2021-08-27,Bitchip,description,100,65,65
topic_id_sequence,de5a2e78-a32e-4439-b770-e2ee0013108c,2021-12-24,2021-02-25,Treeflex,description,100,66,66
topic_id_sequence,1cbc5f18-3cd5-4c12-b0f7-b09553308510,2021-08-05,2021-03-04,Bitchip,description,100,67,67
topic_id_sequence,ae04656e-3a8e-4a17-af0e-17d4975a0561,2021-12-24,2021-12-08,Trippledex,description,100,68,68
topic_id_sequence,5a4e9538-5123-4d8d-96fe-26934815b110,2021-11-02,2021-12-13,Duobam,description,100,69,69
topic_id_sequence,f73f2850-7c1a-4030-921d-d5374f50f8e2,2021-08-28,2021-06-17,Ronstring,description,100,70,70
topic_id_sequence,f1d1e8a2-5281-4a10-9b6d-329a6f9f0e62,2021-10-07,2021-05-15,Ronstring,description,100,71,71
topic_id_sequence,0b62c82c-952c-4569-ad5b-971df748798e,2021-11-29,2021-02-18,Viva,description,100,72,72
topic_id_sequence,d95b4b83-f9e7-4b56-a330-0b62dfc58e76,2021-06-09,2021-10-16,Cardify,description,100,73,73
topic_id_sequence,a11a6047-0d32-4d51-a031-6df5cd7b0ee9,2021-12-03,2021-06-01,Quo Lux,description,100,74,74
topic_id_sequence,4f867537-81ca-4095-adf1-e82a8953d480,2021-07-11,2021-03-13,Span,description,100,75,75
topic_id_sequence,f5cbd8c5-f1f8-4e7c-9dc6-8c896ab7e4e3,2021-09-23,2021-12-05,Flowdesk,description,100,76,76
topic_id_sequence,914e2b9a-40ea-48dc-b2c7-b8c05a2fa8cb,2021-04-27,2021-04-23,Zamit,description,100,77,77
topic_id_sequence,5ab9aa4d-431b-412a-9ba6-5497e6044251,2021-06-24,2022-01-08,Tresom,description,100,78,78
topic_id_sequence,ad27b7e1-10f8-4511-b3f5-954d2904e974,2022-02-03,2021-05-26,Lotstring,description,100,79,79
topic_id_sequence,26724e50-3dcf-4f99-b6d3-7cad0ad25f49,2021-06-01,2021-12-30,Zontrax,description,100,80,80
topic_id_sequence,e3dfab51-ba2e-4f78-b6d5-d22730306a46,2021-11-23,2021-05-14,Zamit,description,100,81,81
topic_id_sequence,f257896f-1c1d-4172-ac4a-bd6696449e14,2022-01-06,2021-10-30,Fixflex,description,100,82,82
topic_id_sequence,22632206-b5de-4849-ac56-a4cb6feede30,2021-09-06,2021-11-14,Hatity,description,100,83,83
topic_id_sequence,a2678d37-bf85-4038-8065-a0f73814a280,2021-06-09,2021-04-25,Gembucket,description,100,84,84
topic_id_sequence,5db81ec7-3f9d-4708-80a7-6eb6cac50dbc,2021-04-21,2021-06-13,Tin,description,100,85,85
topic_id_sequence,c5294cbe-7b23-482f-9350-e5ef5e3c366e,2021-11-06,2021-12-06,Keylex,description,100,86,86
topic_id_sequence,6801c766-321a-40db-8a24-31ebe2138870,2022-01-08,2021-10-07,Quo Lux,description,100,87,87
topic_id_sequence,8517ed00-0dfa-4c71-8ca5-8ccd8a094809,2021-06-18,2021-11-01,Home Ing,description,100,88,88
topic_id_sequence,2f95d57b-9e20-484a-bb20-e0bc315a9285,2021-03-22,2021-05-27,Cookley,description,100,89,89
topic_id_sequence,f0a3fabb-4ab0-4374-aae8-ff8f1200002e,2022-02-01,2021-09-21,Zoolab,description,100,90,90
topic_id_sequence,52a7a94b-2c82-4bbe-b536-d6a0815123c2,2021-09-22,2021-11-11,Prodder,description,100,91,91
topic_id_sequence,5ba32b13-4bdc-40c5-a441-80332686aa14,2021-05-22,2021-05-15,Alphazap,description,100,92,92
topic_id_sequence,ee7ffd54-7283-4636-b1ca-1f59a726c5ca,2021-11-21,2021-03-25,Quo Lux,description,100,93,93
topic_id_sequence,3a54df63-21be-4e66-97d1-928638e6d3bb,2021-03-02,2021-12-09,Trippledex,description,100,94,94
topic_id_sequence,811e68cb-100d-415f-bd5d-c38226e4cc16,2021-05-15,2021-03-23,Matsoft,description,100,95,95
topic_id_sequence,dcec35fe-eab7-4781-a6ac-ab39c0d7e834,2021-03-21,2021-02-08,Keylex,description,100,96,96
topic_id_sequence,4a8683c2-4999-458f-ade9-4522f2ed1cbf,2021-05-08,2021-09-13,Ventosanzap,description,100,97,97
topic_id_sequence,6f772ff5-bf51-47fb-a387-337b5ed5c68d,2021-04-20,2021-08-15,Cardguard,description,100,98,98
topic_id_sequence,3e191e07-8dbd-4cd9-8234-77d5dbb4b561,2021-05-22,2021-11-20,It,description,100,99,99
topic_id_sequence,3b4b1c91-fbca-4c35-8d4b-bab4f304fc96,2021-02-27,2021-09-15,Tresom,description,100,100,100
