id,type,uuid,created,updated,username,first_name,last_name,email,gender,birth_day,activated,account_id,role_id,status
user_id_sequence,tutor,02379956-457d-47f0-8842-7df8755edcc0,2021-07-14,2021-09-27,tutor,tutor,tutor,tutor@tutor.tutor,MALE,1999-01-01,true,101,2,WORKING
user_id_sequence,tutor,9ec1a68d-498c-426c-bfde-5c389615e760,2021-03-09,2021-02-24,areadwing1,Ase,Readwing,areadwing1@taobao.com,FEMALE,1967-05-01,true,102,2,WORKING
user_id_sequence,tutor,fd80343e-3d9c-4dde-bce4-acbdbff6df61,2021-08-19,2021-04-03,vthonason2,Vitia,Thonason,vthonason2@a8.net,FEMALE,1999-03-28,true,103,2,WORKING
user_id_sequence,tutor,082f8ce3-e5cf-4d33-99e7-4adeab3afd10,2021-05-19,2021-03-06,dhunton3,Daniel,Hunton,dhunton3@comsenz.com,FEMALE,1987-08-26,true,104,2,WORKING
user_id_sequence,tutor,30370807-b90e-40a0-ab21-ce2c61019101,2021-11-15,2021-12-08,eaujouanet4,Earl,Aujouanet,eaujouanet4@oakley.com,FEMALE,1973-11-05,true,105,2,WORKING
user_id_sequence,tutor,4f2237e8-debb-48da-ab35-0bcfa603c0e0,2021-04-27,2021-07-27,afernant5,Addie,Fernant,afernant5@ft.com,FEMALE,1956-04-11,true,106,2,WORKING
user_id_sequence,tutor,b1e53939-89a0-4a8b-b24e-e9f50e915c07,2021-07-14,2021-11-15,smacgiffin6,Siobhan,MacGiffin,smacgiffin6@i2i.jp,FEMALE,1979-01-20,true,107,2,WORKING
user_id_sequence,tutor,d340e785-1836-4b05-aef7-ccaa479f3f02,2022-01-26,2021-07-14,echadbourne7,Ettie,Chadbourne,echadbourne7@telegraph.co.uk,FEMALE,1986-04-16,true,108,2,WORKING
user_id_sequence,tutor,14928f99-1260-4451-a6c5-7363628ba231,2021-07-12,2021-06-18,briddeough8,Babbie,Riddeough,briddeough8@tuttocitta.it,FEMALE,1994-09-19,true,109,2,WORKING
user_id_sequence,tutor,e9a22628-27d8-4b79-b1d8-b82e95c37fea,2021-05-26,2021-06-20,bphizacklea9,Bancroft,Phizacklea,bphizacklea9@slashdot.org,FEMALE,1969-07-30,true,110,2,WORKING
user_id_sequence,tutor,7b6d9c6d-a58a-429d-b50d-25495d7076bf,2021-08-20,2021-05-07,lwaddamsa,Laurent,Waddams,lwaddamsa@unicef.org,FEMALE,1944-05-19,true,111,2,WORKING
user_id_sequence,tutor,796ee879-8f33-43b1-bf45-d7f809fa0b6a,2021-07-14,2022-01-23,jranscombeb,Jayne,Ranscombe,jranscombeb@qq.com,FEMALE,1958-06-19,true,112,2,WORKING
user_id_sequence,tutor,c116cc04-872e-4427-9c08-39eec7f232a9,2021-05-23,2021-04-21,esoallc,Eamon,Soall,esoallc@joomla.org,FEMALE,1942-11-23,true,113,2,WORKING
user_id_sequence,tutor,83adde30-da79-45d6-8740-6666b748b78b,2021-02-16,2021-05-06,rdinkind,Rudie,Dinkin,rdinkind@berkeley.edu,FEMALE,1975-08-14,true,114,2,WORKING
user_id_sequence,tutor,5d3103ef-f510-4592-9310-b136fc8cabe0,2021-02-17,2021-10-09,cgebbee,Cleveland,Gebbe,cgebbee@marketwatch.com,FEMALE,1962-01-01,true,115,2,WORKING
user_id_sequence,tutor,fece32d4-63e7-4f20-93d2-d92734d83866,2021-10-23,2021-08-14,lgherardescif,Luis,Gherardesci,lgherardescif@exblog.jp,FEMALE,1942-08-27,true,116,2,WORKING
user_id_sequence,tutor,b46059b4-fba0-49f8-b580-61676137cee6,2021-12-30,2021-04-03,kdiblingg,Kellyann,Dibling,kdiblingg@theatlantic.com,FEMALE,1977-10-06,true,117,2,WORKING
user_id_sequence,tutor,70bbfe0f-c5d1-496e-99f8-fba000dfe92f,2021-07-02,2021-10-12,cduseyh,Corny,Dusey,cduseyh@people.com.cn,FEMALE,1965-10-20,true,118,2,WORKING
user_id_sequence,tutor,4db05187-52db-4dca-becc-ee1d3d7a8d4e,2021-06-06,2021-03-18,rpoloni,Rickie,Polon,rpoloni@aboutads.info,FEMALE,1959-04-26,true,119,2,WORKING
user_id_sequence,tutor,83c21772-9b85-4aec-9e5b-c5fadf57f6d5,2021-07-21,2021-02-19,adahlerj,Abigael,Dahler,adahlerj@163.com,FEMALE,1959-06-28,true,120,2,WORKING
user_id_sequence,tutor,6447614b-08ea-431f-ac19-4c32d8bba126,2022-01-17,2021-09-14,emcgowrank,Elliot,McGowran,emcgowrank@php.net,FEMALE,1950-01-27,true,121,2,WORKING
user_id_sequence,tutor,1fd7776b-2d7e-4455-9b2e-27ccd79bded4,2021-03-17,2021-12-07,jbullanl,Jeana,Bullan,jbullanl@senate.gov,FEMALE,1924-01-19,true,122,2,WORKING
user_id_sequence,tutor,b5adff77-99f6-49bd-8057-b32cecdd6fb7,2021-02-17,2021-09-22,cdzenisenkam,Charline,Dzenisenka,cdzenisenkam@globo.com,FEMALE,1945-01-15,true,123,2,WORKING
user_id_sequence,tutor,dceea872-7cd7-497b-919c-f3d2232b4fd7,2021-06-20,2021-09-26,cgodferyn,Carlynn,Godfery,cgodferyn@dailymail.co.uk,FEMALE,1981-05-26,true,124,2,WORKING
user_id_sequence,tutor,4a268a53-2573-4949-8a4a-5d2edbbbbe26,2022-01-16,2021-05-21,rbollono,Robby,Bollon,rbollono@vimeo.com,FEMALE,1980-06-17,true,125,2,WORKING
user_id_sequence,tutor,8e51a87e-2e8a-4ed2-bc40-6de93e0f710c,2021-09-12,2021-05-20,mucp,Maryellen,Uc,mucp@usatoday.com,FEMALE,1984-11-30,true,126,2,WORKING
user_id_sequence,tutor,3dc3dd9a-185f-49f6-85a9-4fa164e3561b,2021-12-24,2021-07-03,bwildashq,Buddy,Wildash,bwildashq@symantec.com,FEMALE,1961-03-25,true,127,2,WORKING
user_id_sequence,tutor,a9e83059-36a3-491c-9016-a539fa876bdf,2021-06-13,2021-07-11,dmccallumr,Dorian,McCallum,dmccallumr@infoseek.co.jp,FEMALE,1940-02-09,true,128,2,WORKING
user_id_sequence,tutor,7db3d657-d82f-40c6-b47f-45846b469098,2021-03-29,2021-04-18,gsiccombes,Giraud,Siccombe,gsiccombes@miitbeian.gov.cn,FEMALE,1980-03-31,true,129,2,WORKING
user_id_sequence,tutor,edcf901c-e65e-48a1-820b-e7e81a813b70,2021-04-11,2021-06-05,bmcgratht,Berty,Mc Grath,bmcgratht@disqus.com,FEMALE,1979-11-19,true,130,2,WORKING
user_id_sequence,tutor,45e22e1f-1de7-4738-a030-9e2329a4fa9e,2021-06-27,2021-10-27,nrodderu,Neville,Rodder,nrodderu@uiuc.edu,FEMALE,1958-01-25,true,131,2,WORKING
user_id_sequence,tutor,466d25f5-d710-4efc-a5a8-dd94c3464dd9,2021-04-15,2021-12-12,sbradbornev,Sylvester,Bradborne,sbradbornev@blogspot.com,FEMALE,1982-06-03,true,132,2,WORKING
user_id_sequence,tutor,582d494f-99db-4f7d-b9c6-b5b467b8e1e3,2021-02-08,2021-09-15,knorthleyw,Kenna,Northley,knorthleyw@dmoz.org,FEMALE,1928-11-18,true,133,2,WORKING
user_id_sequence,tutor,c70a0598-db70-4587-97be-09c2bebd125f,2021-07-30,2021-11-16,bdumpletonx,Bonny,Dumpleton,bdumpletonx@ifeng.com,FEMALE,1925-02-22,true,134,2,WORKING
user_id_sequence,tutor,896b3098-ddbf-441d-aab3-e7aaa0ac4833,2021-04-28,2021-09-17,jferschkey,Jeffy,Ferschke,jferschkey@google.pl,FEMALE,1925-02-25,true,135,2,WORKING
user_id_sequence,tutor,a4100eb5-9a78-4e5e-aca8-cfdbab6bde03,2021-11-26,2021-09-15,wcoonihanz,Wood,Coonihan,wcoonihanz@dot.gov,FEMALE,1967-09-14,true,136,2,WORKING
user_id_sequence,tutor,64686923-91a2-42b6-b1a9-57c3e2a57155,2021-07-17,2021-07-04,nalexandrou10,North,Alexandrou,nalexandrou10@hexun.com,FEMALE,1977-04-13,true,137,2,WORKING
user_id_sequence,tutor,e8988df5-660d-41bd-9760-9fd8f6a35771,2021-11-18,2021-09-19,pbulter11,Patrizius,Bulter,pbulter11@ehow.com,FEMALE,1981-08-16,true,138,2,WORKING
user_id_sequence,tutor,c841e665-75e6-4d4a-aaca-a66be65299c5,2021-02-27,2021-04-11,dgainsford12,Donna,Gainsford,dgainsford12@theatlantic.com,FEMALE,1984-04-22,true,139,2,WORKING
user_id_sequence,tutor,c9115032-b3e9-476c-baa4-a998f7dcb9fc,2021-03-21,2021-09-03,mdemeter13,Mal,Demeter,mdemeter13@slate.com,FEMALE,1972-12-21,true,140,2,WORKING
user_id_sequence,tutor,c3e8f349-4d5c-4ffa-8bbc-5139e9773c1f,2022-01-24,2021-04-23,zhedon14,Zita,Hedon,zhedon14@usatoday.com,FEMALE,1999-01-16,true,141,2,WORKING
user_id_sequence,tutor,21385406-40bd-4cbf-a51b-5e0532486c99,2021-12-05,2021-05-24,hglaserman15,Hastings,Glaserman,hglaserman15@rediff.com,FEMALE,1982-09-01,true,142,2,WORKING
user_id_sequence,tutor,30455c26-5a98-4635-9763-af6116f66613,2021-09-06,2021-11-01,fbanck16,Frederique,Banck,fbanck16@dion.ne.jp,FEMALE,1978-07-29,true,143,2,WORKING
user_id_sequence,tutor,c77e2f77-b33f-4427-9ad0-e0dd718edfee,2022-01-03,2021-02-09,jellissen17,Johnath,Ellissen,jellissen17@kickstarter.com,FEMALE,1961-08-13,true,144,2,WORKING
user_id_sequence,tutor,b7e61406-fea3-4b80-b348-a5653818e4a8,2021-06-29,2021-06-27,aworms18,Anita,Worms,aworms18@tripod.com,FEMALE,1955-07-28,true,145,2,WORKING
user_id_sequence,tutor,71734b04-13ab-46f4-a398-7d00020c4a80,2021-09-27,2021-03-27,gmathys19,Glennis,Mathys,gmathys19@mozilla.org,FEMALE,1994-10-27,true,146,2,WORKING
user_id_sequence,tutor,cc0f8577-83f5-4c72-836f-5562bbe87501,2021-09-24,2021-04-23,wapfler1a,Waiter,Apfler,wapfler1a@hugedomains.com,FEMALE,1964-09-01,true,147,2,WORKING
user_id_sequence,tutor,f319a1e4-0aa2-4327-83a7-a9f38308aeca,2021-09-04,2021-07-20,rsilk1b,Rosabelle,Silk,rsilk1b@google.ca,FEMALE,1938-05-03,true,148,2,WORKING
user_id_sequence,tutor,2cdc45d1-c91d-47f5-8c86-0b3129ca824c,2021-05-09,2022-01-22,camner1c,Claude,Amner,camner1c@yale.edu,FEMALE,1929-01-14,true,149,2,WORKING
user_id_sequence,tutor,eb0f71d1-fdb9-4ab3-b7d9-c08924fbebfe,2021-05-23,2021-03-20,himesen1d,Holmes,Imesen,himesen1d@nbcnews.com,MALE,1993-02-21,true,150,2,WORKING
user_id_sequence,tutor,b07621f9-722b-4119-a170-04500bac3801,2021-10-03,2021-09-23,bandrivot1e,Brooks,Andrivot,bandrivot1e@godaddy.com,MALE,1939-08-08,true,151,2,WORKING
user_id_sequence,tutor,7cd352a2-5569-4465-a94e-0740b327f521,2021-04-25,2021-03-22,ctourne1f,Cori,Tourne,ctourne1f@walmart.com,MALE,1962-02-18,true,152,2,WORKING
user_id_sequence,tutor,842e3ebc-bd80-40ee-bf0d-b35b73709c4c,2021-10-25,2021-06-24,alaird1g,Ali,Laird,alaird1g@seesaa.net,MALE,1981-05-31,true,153,2,WORKING
user_id_sequence,tutor,f4edd024-a22d-4fd1-ab19-ca3eef67efdc,2021-08-04,2021-06-03,ksimonel1h,Kirsti,Simonel,ksimonel1h@fotki.com,MALE,1949-07-07,true,154,2,WORKING
user_id_sequence,tutor,59a53ddc-0bea-4e1b-9a17-b418d55fefab,2021-02-26,2021-03-09,gmcshane1i,Graig,McShane,gmcshane1i@smh.com.au,MALE,1964-10-18,true,155,2,WORKING
user_id_sequence,tutor,222207cb-acfd-49f8-a8bd-cf8012d93490,2021-04-09,2021-08-09,wmacgruer1j,Wilburt,MacGruer,wmacgruer1j@tiny.cc,MALE,1951-03-10,true,156,2,WORKING
user_id_sequence,tutor,6e0c5be8-f4ff-4f2d-89f2-74ab9cbea7a6,2021-04-01,2021-04-08,tgyngyll1k,Tiffi,Gyngyll,tgyngyll1k@engadget.com,MALE,1924-02-04,true,157,2,WORKING
user_id_sequence,tutor,d008cddf-ae50-4424-b108-2e69703d6a51,2021-09-06,2021-07-08,chazlehurst1l,Cordy,Hazlehurst,chazlehurst1l@dell.com,MALE,1937-11-12,true,158,2,WORKING
user_id_sequence,tutor,8c1d5743-6216-40d7-875e-21431220414a,2021-05-13,2021-05-08,kmarriage1m,Kathye,Marriage,kmarriage1m@miitbeian.gov.cn,MALE,1985-03-30,true,159,2,WORKING
user_id_sequence,tutor,dc896ade-18a2-43cb-bf88-7b17259ef108,2021-11-29,2021-12-07,vmacafee1n,Valaria,MacAfee,vmacafee1n@nytimes.com,MALE,1922-06-29,true,160,2,WORKING
user_id_sequence,tutor,ac04a315-b7b2-4f9c-b9cb-4236776ff303,2021-04-16,2021-08-29,lbotton1o,Lucille,Botton,lbotton1o@mayoclinic.com,MALE,1938-09-02,true,161,2,WORKING
user_id_sequence,tutor,4eae765c-af05-4424-ac2d-9903788f97fb,2021-03-03,2021-05-18,kglassard1p,Kenny,Glassard,kglassard1p@cocolog-nifty.com,MALE,1939-03-20,true,162,2,WORKING
user_id_sequence,tutor,d06daf6e-a064-435f-9ce1-0bf8aaa21654,2021-02-14,2022-01-27,achastel1q,Ashia,Chastel,achastel1q@scribd.com,MALE,1950-12-10,true,163,2,WORKING
user_id_sequence,tutor,872a5c21-cab9-444d-9cd8-7e52c401e0e4,2021-06-17,2021-05-16,shearnah1r,Shandie,Hearnah,shearnah1r@weather.com,MALE,1954-03-05,true,164,2,WORKING
user_id_sequence,tutor,dabd058c-78df-420f-a15b-ca563ace3235,2021-12-13,2021-07-07,eegleton1s,Elsa,Egleton,eegleton1s@vkontakte.ru,MALE,1928-10-23,true,165,2,WORKING
user_id_sequence,tutor,d896f411-f48c-48f5-b39f-ad42ffbedc42,2021-04-14,2021-12-11,pvader1t,Pancho,Vader,pvader1t@google.ru,MALE,1926-06-10,true,166,2,WORKING
user_id_sequence,tutor,fb23e705-fc5a-4e92-9165-42711530ca45,2021-09-28,2021-12-22,acharlewood1u,Alexi,Charlewood,acharlewood1u@shutterfly.com,MALE,1956-10-27,true,167,2,WORKING
user_id_sequence,tutor,3eb139c2-458f-47a8-9b20-707e86f23ce9,2021-02-08,2022-01-10,fpaskins1v,Felicity,Paskins,fpaskins1v@utexas.edu,MALE,1973-12-05,true,168,2,WORKING
user_id_sequence,tutor,89d55254-be96-41b7-aea4-e38c8c47b94a,2021-04-03,2021-05-12,esilk1w,Elroy,Silk,esilk1w@unc.edu,MALE,1987-08-22,true,169,2,WORKING
user_id_sequence,tutor,93a9149a-37d6-422d-b71c-acff939a16e0,2021-03-01,2021-11-27,phoulson1x,Patrizio,Houlson,phoulson1x@wsj.com,MALE,1958-04-12,true,170,2,WORKING
user_id_sequence,tutor,b8dff40c-d131-413a-858b-d105660ba7b3,2021-06-12,2021-12-20,rbraime1y,Renato,Braime,rbraime1y@msu.edu,MALE,1971-09-05,true,171,2,WORKING
user_id_sequence,tutor,73a5b30b-8a50-42f2-a52a-213815160b9b,2021-03-13,2021-05-16,mruoff1z,Maybelle,Ruoff,mruoff1z@soundcloud.com,MALE,1955-10-03,true,172,2,WORKING
user_id_sequence,tutor,f358d3b6-2ab2-43c6-9488-338c03074a16,2021-05-31,2021-02-21,astollenberg20,Angelia,Stollenberg,astollenberg20@sina.com.cn,MALE,1928-11-29,true,173,2,WORKING
user_id_sequence,tutor,afe1ed4c-a30a-4d52-9492-ddf8da020cdc,2021-09-22,2021-11-21,bsuggitt21,Bobbette,Suggitt,bsuggitt21@e-recht24.de,MALE,1984-03-04,true,174,2,WORKING
user_id_sequence,tutor,e40ec664-756e-4d81-b4d0-d9f5969e1a3b,2021-10-19,2021-03-14,tpettegree22,Theresina,Pettegree,tpettegree22@opera.com,MALE,1987-03-14,true,175,2,WORKING
user_id_sequence,tutor,9708a914-f6d0-44e1-af78-ddf4961e0725,2021-03-06,2021-08-21,lpietruszka23,Lowell,Pietruszka,lpietruszka23@t.co,MALE,1950-07-01,true,176,2,WORKING
user_id_sequence,tutor,2836f176-a884-4b43-bf9c-8a57425de808,2021-05-11,2021-05-16,taish24,Tracey,Aish,taish24@ow.ly,MALE,1988-05-19,true,177,2,WORKING
user_id_sequence,tutor,fb697acf-cdb2-427e-a3bd-7edb8a0d4860,2021-07-28,2021-07-24,njurek25,Nico,Jurek,njurek25@arstechnica.com,MALE,1957-01-22,true,178,2,WORKING
user_id_sequence,tutor,89ce8a87-010f-4a5c-9c01-19c4e0d5d1ff,2021-02-09,2021-09-03,lizhaky26,Lynnelle,Izhaky,lizhaky26@youtu.be,MALE,1960-05-27,true,179,2,WORKING
user_id_sequence,tutor,879ba73d-d295-43a3-9737-d507197dbb77,2021-04-12,2021-03-30,cwankel27,Casandra,Wankel,cwankel27@shinystat.com,MALE,1934-10-17,true,180,2,WORKING
user_id_sequence,tutor,3c8fd201-c5c1-4453-875f-3cef6f5ae376,2021-08-13,2021-12-08,sfilshin28,Sheree,Filshin,sfilshin28@aol.com,MALE,1971-11-13,true,181,2,WORKING
user_id_sequence,tutor,1fefdc2c-e7cd-41e2-adbd-919f95ebfbf1,2022-01-15,2021-03-19,rcoucha29,Raye,Coucha,rcoucha29@chicagotribune.com,MALE,1952-09-14,true,182,2,WORKING
user_id_sequence,tutor,8ebc1492-24f0-4b2d-8e2a-9fa4c0f3838d,2021-05-02,2021-04-27,egilchriest2a,Elisabetta,Gilchriest,egilchriest2a@eepurl.com,MALE,1992-10-08,true,183,2,WORKING
user_id_sequence,tutor,44894b81-fedd-4f42-b13e-90c932648f07,2022-02-03,2021-06-19,fhabershon2b,Fraze,Habershon,fhabershon2b@samsung.com,MALE,1951-11-18,true,184,2,WORKING
user_id_sequence,tutor,f1173d7b-03fd-4d69-b60d-9f7a77760dd2,2021-07-23,2021-08-11,uhitcham2c,Ulla,Hitcham,uhitcham2c@dailymail.co.uk,MALE,1966-08-30,true,185,2,WORKING
user_id_sequence,tutor,1befa541-03fc-4e2a-816a-7980b2f66f9f,2022-01-09,2021-12-04,shillyatt2d,Seward,Hillyatt,shillyatt2d@edublogs.org,MALE,1932-10-05,true,186,2,WORKING
user_id_sequence,tutor,419cdfdb-b1b9-46dc-b30b-fad0b0288f70,2021-07-24,2021-06-01,fgalley2e,Fair,Galley,fgalley2e@yelp.com,MALE,1926-03-17,true,187,2,WORKING
user_id_sequence,tutor,b192545b-3f6d-4716-9a01-989d83551374,2022-01-13,2021-10-07,rscandwright2f,Rheba,Scandwright,rscandwright2f@domainmarket.com,MALE,1978-09-08,true,188,2,WORKING
user_id_sequence,tutor,e36fa7ce-f158-4289-80a3-ca31934a261d,2021-10-17,2021-10-22,agronaller2g,Amabel,Gronaller,agronaller2g@theguardian.com,MALE,1990-07-09,true,189,2,WORKING
user_id_sequence,tutor,c33d8d27-d4a3-4a59-98d1-5a6717ac5abd,2021-02-10,2021-05-19,bwalkden2h,Berna,Walkden,bwalkden2h@wikia.com,MALE,1935-07-03,true,190,2,WORKING
user_id_sequence,tutor,9fff4784-6996-43ce-9f63-9f37b5651511,2022-01-11,2021-07-20,cdhenin2i,Celinka,Dhenin,cdhenin2i@princeton.edu,MALE,1981-11-17,true,191,2,WORKING
user_id_sequence,tutor,58e78280-1496-495f-b976-60082637f871,2021-03-04,2021-03-16,lgallahue2j,Lari,Gallahue,lgallahue2j@imdb.com,MALE,1969-10-18,true,192,2,WORKING
user_id_sequence,tutor,384ece09-8c0e-4ae6-9375-b6f4e7bf086a,2021-09-22,2021-04-03,kfaunch2k,Karlie,Faunch,kfaunch2k@oaic.gov.au,MALE,1977-07-23,true,193,2,WORKING
user_id_sequence,tutor,57aee002-6738-4074-8acb-fb1ab43a2c53,2021-10-16,2021-10-07,swrightson2l,Spence,Wrightson,swrightson2l@discuz.net,MALE,1980-07-15,true,194,2,WORKING
user_id_sequence,tutor,dc9132d2-84a9-4c44-8abc-956162abd7ac,2021-06-20,2021-09-08,sfattorini2m,Sheila,Fattorini,sfattorini2m@admin.ch,MALE,1933-11-25,true,195,2,WORKING
user_id_sequence,tutor,023c8839-0d46-45d1-b616-05a32902b48f,2021-03-13,2021-11-28,carnald2n,Chantalle,Arnald,carnald2n@weibo.com,MALE,1955-04-12,true,196,2,WORKING
user_id_sequence,tutor,eedd4030-22ed-4a13-8c11-94b76bf5ad14,2022-01-17,2021-08-18,cbendley2o,Carroll,Bendley,cbendley2o@tripod.com,MALE,1974-06-14,true,197,2,WORKING
user_id_sequence,tutor,431ba7ae-0d45-412c-b53f-55ebd0cf6144,2021-12-03,2021-06-07,elaxen2p,Esther,Laxen,elaxen2p@wp.com,MALE,1972-04-16,true,198,2,WORKING
user_id_sequence,tutor,a878de07-483b-46e1-a9f8-afa62ca52482,2021-05-08,2021-09-15,drunsey2q,Dee,Runsey,drunsey2q@jalbum.net,MALE,1951-11-26,true,199,2,WORKING
user_id_sequence,tutor,4504f96a-a656-481a-8de6-771b4e2320d7,2022-02-03,2021-11-01,cgeharke2r,Casandra,Geharke,cgeharke2r@taobao.com,MALE,1993-02-22,true,200,2,WORKING
